twitter_id	label	user_id	location	url	protected	verified	followers_count	friends_count	listed_count	favourites_count	statuses_count	created_at	user_status	reason
656955120626880512	false	1942819082		0									0	"403 Forbidden
63 - User has been suspended."
615689290706595840	true	44945327		1	0.0	1.0	2401614.0	111.0	2958.0	289.0	18630.0	2009-06-05 17:29:55+00:00	1	
613404935003217920	false	14511951		1	0.0	1.0	11353931.0	5599.0	82415.0	1140.0	595007.0	2008-04-24 14:07:28+00:00	1	
731166399389962242	unverified	431917957		0									0	"403 Forbidden
63 - User has been suspended."
714598641827246081	unverified	94215989		0	0.0	1.0	241717.0	1085.0	2041.0	37019.0	18043.0	2009-12-03 00:40:07+00:00	1	
614467824313106432	true	605822673		0									0	"403 Forbidden
63 - User has been suspended."
715515982584881152	unverified	18643437	London	1	0.0	1.0	1184702.0	788.0	7216.0	8488.0	80766.0	2009-01-05 20:04:23+00:00	1	
693315824132685824	non-rumor	16374678		1	0.0	1.0	1162388.0	486.0	6303.0	4256.0	253011.0	2008-09-20 04:22:30+00:00	1	
693843042546106369	non-rumor	30313925	Washington, DC	1	0.0	1.0	12301323.0	227.0	56350.0	0.0	28250.0	2009-04-10 21:10:30+00:00	1	
622891631293935616	false	26900055		0	0.0	0.0	158842.0	5376.0	955.0	38312.0	303051.0	2009-03-27 00:23:22+00:00	1	
692630756548591616	non-rumor	5402612	London, UK	1	0.0	1.0	48971604.0	3.0	144456.0	0.0	37841.0	2007-04-22 14:42:37+00:00	1	
693265096278163456	non-rumor	28785486	New York City / Worldwide	1	0.0	1.0	17117585.0	487.0	64422.0	39.0	376897.0	2009-04-04 12:40:32+00:00	1	
553589051044151296	true	868112707	worldwide	1	0.0	1.0	176684.0	339.0	3798.0	262.0	33299.0	2012-10-08 14:43:38+00:00	1	
553590835850514433	true	7587032	London, UK	1	0.0	1.0	7508936.0	23.0	29008.0	1.0	509902.0	2007-07-19 14:42:53+00:00	1	
622858454949040128	false	23173615		0									0	"404 Not Found
50 - User not found."
656870311057575936	false	91478624	New York, NY	1	0.0	1.0	17482566.0	5140.0	61511.0	10267.0	365243.0	2009-11-21 02:09:57+00:00	1	
616311563071434753	true	26659703	New York, NY	1	0.0	1.0	167839.0	290.0	1576.0	98952.0	23702.0	2009-03-26 01:55:43+00:00	1	
641666167992647681	non-rumor	7905122	London, UK	1	0.0	1.0	2447494.0	21434.0	29713.0	149.0	35703.0	2007-08-02 11:23:13+00:00	1	
525060425184858112	true	428333	Everywhere	1	0.0	1.0	62097580.0	120.0	191408.0	27.0	77394.0	2007-01-02 01:48:14+00:00	1	
672513234419638273	false	28785486	New York City / Worldwide	1	0.0	1.0	17117585.0	487.0	64422.0	39.0	376897.0	2009-04-04 12:40:32+00:00	1	
544382892378714113	true	1020058453		1	0.0	1.0	1395962.0	4767.0	11942.0	2496.0	204750.0	2012-12-18 15:46:37+00:00	1	
681824512120324096	non-rumor	22411875	New York	1	0.0	1.0	1158321.0	454.0	13232.0	1577.0	26355.0	2009-03-01 21:54:49+00:00	1	
620835698514464768	false	989429790		0									0	"403 Forbidden
63 - User has been suspended."
626898253900943360	false	524657792		0									0	"403 Forbidden
63 - User has been suspended."
618804516578680832	false	759251		1	0.0	1.0	56316699.0	1102.0	152021.0	1403.0	366303.0	2007-02-09 00:35:02+00:00	1	
672632899921833984	false	999453985	Arizona, USA	0	0.0	0.0	106732.0	39480.0	533.0	326234.0	647005.0	2012-12-09 14:57:08+00:00	1	
553588178687655936	true	14511951		1	0.0	1.0	11353931.0	5599.0	82415.0	1140.0	595007.0	2008-04-24 14:07:28+00:00	1	
594687353937100801	false	2470325805		0									0	"403 Forbidden
63 - User has been suspended."
613016993692798977	false	1291770157		0	0.0	1.0	223483.0	990.0	1688.0	22677.0	245696.0	2013-03-23 15:38:36+00:00	1	
663385747177775105	false	2425231		0	0.0	0.0	3354449.0	0.0	6118.0	62.0	757482.0	2007-03-27 07:29:54+00:00	1	 
766715993385267201	non-rumor	14075928		1	0.0	1.0	11726637.0	5.0	68243.0	3.0	86693.0	2008-03-04 02:48:37+00:00	1	 
693141729529184256	non-rumor	30313925	Washington, DC	1	0.0	1.0	12301243.0	227.0	56353.0	0.0	28250.0	2009-04-10 21:10:30+00:00	1	 
524966904885428226	true	64643056		1	0.0	1.0	2966734.0	700.0	20821.0	2147.0	414673.0	2009-08-11 06:12:45+00:00	1	
613393657161510913	false	16374678		1	0.0	1.0	1162388.0	486.0	6303.0	4256.0	253011.0	2008-09-20 04:22:30+00:00	1	
544374511194632192	true	28785486	New York City / Worldwide	1	0.0	1.0	17117586.0	487.0	64422.0	39.0	376897.0	2009-04-04 12:40:32+00:00	1	
706665777332621314	unverified	14437914	Arlington, VA | New York, NY	1	0.0	1.0	1194491.0	111684.0	14964.0	19053.0	206981.0	2008-04-18 21:57:17+00:00	1	
693827886021767169	non-rumor	30313925	Washington, DC	1	0.0	1.0	12301243.0	227.0	56353.0	0.0	28250.0	2009-04-10 21:10:30+00:00	1	 
604354747357859842	false	623611206	Follow us on IG @folksrtalking	1	0.0	0.0	19450.0	582.0	66.0	1030.0	76942.0	2012-07-01 08:02:49+00:00	1	
767709416879644672	non-rumor	807095	New York City	1	0.0	1.0	51683040.0	870.0	213085.0	18840.0	463634.0	2007-03-02 20:41:42+00:00	1	
693146363685642240	non-rumor	14780915	New York, New York	1	0.0	1.0	6341419.0	419.0	35632.0	543.0	164960.0	2008-05-15 02:52:27+00:00	1	
652783670370115585	false	2425231		0	0.0	0.0	3354422.0	0.0	6118.0	62.0	757477.0	2007-03-27 07:29:54+00:00	1	
674187250792558592	false	159052174		0	0.0	0.0	29314.0	3358.0	810.0	1095.0	40879.0	2010-06-24 09:32:49+00:00	1	
726043971911213057	unverified	457984599		1	0.0	1.0	1471587.0	110.0	9222.0	887.0	155948.0	2012-01-08 01:50:52+00:00	1	
524935485370929152	true	30699754	New York, New York	1	0.0	1.0	369891.0	4946.0	5498.0	65113.0	34185.0	2009-04-12 18:58:23+00:00	1	 
730939370765754368	unverified	2461452080		0									0	"403 Forbidden
63 - User has been suspended."
723365789378584578	unverified	49616273	Beijing, China	1	0.0	1.0	1878919.0	536.0	5195.0	281.0	208379.0	2009-06-22 12:41:39+00:00	1	
674244561519161344	false	972651		1	0.0	1.0	9446885.0	2732.0	118066.0	1792.0	458172.0	2007-03-12 01:28:01+00:00	1	
553535829017370625	true	1994321	Paris, France	1	0.0	1.0	3798293.0	452.0	11950.0	1208.0	363989.0	2007-03-23 09:40:48+00:00	1	 
731093044460683264	unverified	2467791	Washington, DC	1	0.0	1.0	18712970.0	1715.0	104975.0	4258.0	419725.0	2007-03-27 11:19:39+00:00	1	
693086218276474880	non-rumor	2367911	NYC	1	0.0	1.0	17160868.0	30211.0	27748.0	21337.0	305998.0	2007-03-26 22:30:49+00:00	1	
692150118921957376	non-rumor	14075928		1	0.0	1.0	11726637.0	5.0	68243.0	3.0	86693.0	2008-03-04 02:48:37+00:00	1	 
656830586577883136	false	28785486	New York City / Worldwide	1	0.0	1.0	17117587.0	487.0	64422.0	39.0	376897.0	2009-04-04 12:40:32+00:00	1	
553543369604210689	true	747822822		0	1.0	0.0	12031.0	949.0	400.0	42803.0	37992.0	2012-08-09 19:47:43+00:00	1	
767814876433571840	non-rumor	1367531	U.S.A.	1	0.0	1.0	20678180.0	263.0	70398.0	2.0	451783.0	2007-03-17 19:01:26+00:00	1	
649985459389661184	true	807095	New York City	1	0.0	1.0	51683568.0	870.0	213076.0	18839.0	463638.0	2007-03-02 20:41:42+00:00	1	 
553531413459660800	true	87416722	London, UK	1	0.0	1.0	4834467.0	3.0	21413.0	0.0	56232.0	2009-11-04 11:25:45+00:00	1	 
693840291992838147	non-rumor	759251		1	0.0	1.0	56317379.0	1102.0	152022.0	1403.0	366306.0	2007-02-09 00:35:02+00:00	1	 
663925546812837888	false	14810327	En Why See	1	0.0	0.0	10387.0	23.0	488.0	6203.0	7313.0	2008-05-17 12:31:37+00:00	1	
614604054552018944	true	844364659	All Over the World	1	1.0	1.0	7451.0	908.0	241.0	1470.0	54385.0	2012-09-24 21:43:22+00:00	1	
637382230394822656	false	50434933	USA	1	0.0	0.0	232102.0	213480.0	2722.0	77616.0	222524.0	2009-06-24 20:52:42+00:00	1	
661222523275636736	false	2975722854		0									0	"403 Forbidden
63 - User has been suspended."
714531423273746432	unverified	292432955	New York, NY	1	0.0	0.0	32782.0	3208.0	775.0	22244.0	34537.0	2011-05-03 16:55:39+00:00	1	 
675043569367982081	false	14662354	Washington, D.C.	1	0.0	1.0	416812.0	1892.0	8072.0	9608.0	335282.0	2008-05-05 17:43:25+00:00	1	
544314234541469696	true	972651		1	0.0	1.0	9446885.0	2732.0	118066.0	1792.0	458172.0	2007-03-12 01:28:01+00:00	1	
651809229842608128	unverified	44862126	Plymouth Devon UK	1	0.0	0.0	5884.0	4795.0	144.0	11537.0	73307.0	2009-06-05 10:08:56+00:00	1	 
693140340367187969	non-rumor	2557521		1	0.0	1.0	39241525.0	398.0	59783.0	2271.0	127507.0	2007-03-27 20:46:16+00:00	1	
553534838880608256	true	380648579	France	1	0.0	1.0	2133049.0	605.0	24790.0	2379.0	288522.0	2011-09-27 00:35:10+00:00	1	
633961125126668288	false	13850422	Washington, DC	1	0.0	1.0	4278863.0	338.0	21687.0	4.0	210364.0	2008-02-23 03:12:49+00:00	1	
544512108885725184	true	171802941	Sydney, Australia	1	0.0	1.0	164824.0	491.0	1281.0	953.0	300747.0	2010-07-28 05:48:13+00:00	1	
552805488631758849	true	428333	Everywhere	1	0.0	1.0	62097930.0	120.0	191406.0	27.0	77394.0	2007-01-02 01:48:14+00:00	1	 
645711628046995462	false	454249913	Third Coast	1	0.0	0.0	4774.0	2608.0	65.0	15256.0	50224.0	2012-01-03 19:50:17+00:00	1	
614608936491188225	true	17446621	Hollywood, CA	1	0.0	1.0	3357427.0	2730.0	21418.0	1353.0	459164.0	2008-11-17 18:10:33+00:00	1	
693858804279201794	non-rumor	807095	New York City	1	0.0	1.0	51683044.0	870.0	213085.0	18840.0	463634.0	2007-03-02 20:41:42+00:00	1	
674014933235859456	false	3332044263		0									0	"403 Forbidden
63 - User has been suspended."
690042063958732800	non-rumor	5402612	London, UK	1	0.0	1.0	48972074.0	3.0	144447.0	0.0	37841.0	2007-04-22 14:42:37+00:00	1	 
693041285087756288	non-rumor	742143	London, UK	1	0.0	1.0	34574797.0	18.0	128167.0	1.0	342142.0	2007-02-01 07:44:29+00:00	1	
620971220301787136	false	143257853		0									0	"403 Forbidden
63 - User has been suspended."
656880145769197568	false	140224612		0									0	"403 Forbidden
63 - User has been suspended."
674263945172119552	true	14780915	New York, New York	1	0.0	1.0	6341420.0	419.0	35632.0	543.0	164960.0	2008-05-15 02:52:27+00:00	1	
612646796355960832	false	110396781		1	0.0	1.0	1230566.0	353.0	7498.0	2293.0	99180.0	2010-02-01 11:53:42+00:00	1	
544511199702822913	true	156464691	Sydney	1	0.0	1.0	361562.0	158.0	1702.0	8621.0	278013.0	2010-06-17 01:05:23+00:00	1	
650952376954650629	unverified	18668407		1	0.0	1.0	147332.0	3695.0	1749.0	9.0	32235.0	2009-01-06 09:27:06+00:00	1	
693441093048766464	non-rumor	2557521		1	0.0	1.0	39241529.0	398.0	59783.0	2271.0	127507.0	2007-03-27 20:46:16+00:00	1	
553107921081749504	true	14173315	New York, NY	1	0.0	1.0	8835627.0	1858.0	49558.0	780.0	331041.0	2008-03-18 23:19:17+00:00	1	
666190716448587776	false	1564676498	Trump WON 2020 Election	0	0.0	0.0	69872.0	12461.0	368.0	279466.0	222962.0	2013-07-03 02:50:23+00:00	1	
681199637387149313	non-rumor	7309052	New York City	1	0.0	1.0	1093867.0	2338.0	13604.0	314.0	250909.0	2007-07-07 06:52:31+00:00	1	
632377165477191680	true	2163076560		1	0.0	1.0	185387.0	2122.0	1090.0	23751.0	5595.0	2013-10-29 15:34:50+00:00	1	 
652992524504600576	false	573459961		0									0	"403 Forbidden
63 - User has been suspended."
763738618573623297	unverified	15669672		0									0	"403 Forbidden
63 - User has been suspended."
672927317191229440	false	1379288282		0									0	"404 Not Found
50 - User not found."
757367391202471937	unverified	15164565		1	0.0	1.0	1769934.0	704.0	30211.0	5045.0	530333.0	2008-06-19 01:08:29+00:00	1	
688819658057740290	non-rumor	5402612	London, UK	1	0.0	1.0	48971613.0	3.0	144458.0	0.0	37841.0	2007-04-22 14:42:37+00:00	1	
692845716826300418	non-rumor	30313925	Washington, DC	1	0.0	1.0	12301322.0	227.0	56350.0	0.0	28250.0	2009-04-10 21:10:30+00:00	1	
756282236375277568	unverified	15164565		1	0.0	1.0	1769934.0	704.0	30211.0	5045.0	530333.0	2008-06-19 01:08:29+00:00	1	
692748411481780224	non-rumor	5402612	London, UK	1	0.0	1.0	48971615.0	3.0	144458.0	0.0	37841.0	2007-04-22 14:42:37+00:00	1	
675193315306905600	false	64643056		1	0.0	1.0	2966736.0	700.0	20821.0	2147.0	414674.0	2009-08-11 06:12:45+00:00	1	
674364257799004160	false	126903716		0									0	"403 Forbidden
63 - User has been suspended."
716461257025581056	unverified	3337804853	United States	1	0.0	0.0	53701.0	1916.0	414.0	8398.0	67798.0	2015-06-20 22:22:55+00:00	1	
662430295254175744	false	225235528	Behind you, USA	1	0.0	0.0	638931.0	1141.0	4378.0	3344.0	50760.0	2010-12-11 02:06:01+00:00	1	
544512676643500033	true	16834659	Sydney, Australia	1	0.0	1.0	586760.0	14909.0	4726.0	1626.0	286202.0	2008-10-18 02:39:23+00:00	1	
638050997340893184	false	759251		1	0.0	1.0	56316707.0	1102.0	152021.0	1403.0	366303.0	2007-02-09 00:35:02+00:00	1	
692890520960397312	non-rumor	2557521		1	0.0	1.0	39241532.0	398.0	59783.0	2271.0	127507.0	2007-03-27 20:46:16+00:00	1	
544324444773433348	true	972651		1	0.0	1.0	9446885.0	2732.0	118066.0	1792.0	458172.0	2007-03-12 01:28:01+00:00	1	
745236050407194624	unverified	115754870	Washington, DC	1	0.0	1.0	355568.0	758.0	4577.0	673.0	127248.0	2010-02-19 20:40:15+00:00	1	
673079581520318464	false	434545375		0									0	"403 Forbidden
63 - User has been suspended."
691995324752252930	non-rumor	14075928		1	0.0	1.0	11726710.0	5.0	68243.0	3.0	86693.0	2008-03-04 02:48:37+00:00	1	
673984270902427650	false	151896622	California, USA	1	0.0	0.0	2068.0	12.0	163.0	1783.0	16919.0	2010-06-04 14:40:44+00:00	1	
524975705206304769	true	19038934	Toronto	1	0.0	1.0	1463976.0	351.0	9348.0	0.0	159839.0	2009-01-15 21:03:19+00:00	1	
618805892222468096	false	243163874		1	0.0	1.0	1486752.0	971.0	3485.0	5065.0	112345.0	2011-01-26 13:00:01+00:00	1	
693086478667112448	non-rumor	15754281	USA TODAY HQ, McLean, Va.	1	0.0	1.0	4575905.0	903.0	36696.0	3048.0	369128.0	2008-08-06 19:55:31+00:00	1	
614595181845839873	true	18939358	United States	1	0.0	1.0	23691.0	1238.0	714.0	12553.0	64763.0	2009-01-13 14:34:26+00:00	1	
654371696195993600	false	343051698		0									0	"403 Forbidden
63 - User has been suspended."
665358434351509504	false	130294479		0									0	"403 Forbidden
63 - User has been suspended."
755439197125767169	unverified	51241574	Global	1	0.0	1.0	15497830.0	6844.0	102823.0	3805.0	311822.0	2009-06-26 21:48:52+00:00	1	
666633171325353989	false	742143	London, UK	1	0.0	1.0	34574810.0	18.0	128168.0	1.0	342142.0	2007-02-01 07:44:29+00:00	1	
729647367457230850	unverified	91478624	New York, NY	1	0.0	1.0	17482573.0	5140.0	61511.0	10267.0	365243.0	2009-11-21 02:09:57+00:00	1	
726442550266044416	unverified	236487888		1	0.0	1.0	377108.0	26561.0	3061.0	10985.0	101335.0	2011-01-10 18:11:53+00:00	1	
666070802924617728	false	14669951	US	0	0.0	0.0	1064560.0	438.0	17050.0	2061.0	139163.0	2008-05-06 05:34:47+00:00	1	
544512664769396736	true	64643056		1	0.0	1.0	2966735.0	700.0	20821.0	2147.0	414674.0	2009-08-11 06:12:45+00:00	1	
692106491365605376	non-rumor	16184358	Global	1	0.0	1.0	1871842.0	953.0	21214.0	289.0	189082.0	2008-09-08 13:44:47+00:00	1	
727966590084485120	unverified	14511951		1	0.0	1.0	11353930.0	5599.0	82415.0	1140.0	595007.0	2008-04-24 14:07:28+00:00	1	
691789524498845699	non-rumor	6017542	NYC, LA, London	1	0.0	1.0	9650238.0	542.0	84188.0	6.0	106870.0	2007-05-13 23:06:45+00:00	1	
767803368081358848	non-rumor	28785486	New York City / Worldwide	1	0.0	1.0	17117589.0	487.0	64422.0	39.0	376897.0	2009-04-04 12:40:32+00:00	1	
667379734343471104	false	2743049739		0									0	"404 Not Found
50 - User not found."
715671763808493569	unverified	27789999	Arkansas	1	0.0	0.0	102353.0	88770.0	784.0	11734.0	136913.0	2009-03-31 02:15:52+00:00	1	
653250169752977408	false	759251		1	0.0	1.0	56316709.0	1102.0	152021.0	1403.0	366303.0	2007-02-09 00:35:02+00:00	1	
656361703664451585	unverified	243628984	Moray	0	0.0	1.0	21222.0	1773.0	371.0	12985.0	18405.0	2011-01-27 13:29:46+00:00	1	
643103859729166337	false	237403203	Garland, TX	1	0.0	1.0	763334.0	994.0	4323.0	4798.0	18003.0	2011-01-12 19:27:31+00:00	1	
714560810266132480	unverified	14749383	Las Vegas, NV, USA	1	0.0	1.0	1721921.0	192.0	15252.0	33.0	52937.0	2008-05-12 20:38:14+00:00	1	
658065957823324160	false	32359921		0									0	"404 Not Found
50 - User not found."
693534670428971008	non-rumor	742143	London, UK	1	0.0	1.0	34574811.0	18.0	128168.0	1.0	342142.0	2007-02-01 07:44:29+00:00	1	
722885778448121857	unverified	14294848		1	0.0	1.0	301537.0	91.0	5147.0	338.0	62633.0	2008-04-03 17:00:11+00:00	1	
614599619310407680	true	1367531	U.S.A.	1	0.0	1.0	20678180.0	263.0	70398.0	2.0	451783.0	2007-03-17 19:01:26+00:00	1	
706933939953344514	unverified	2302239423		0	0.0	0.0	21917.0	12083.0	79.0	27171.0	21394.0	2014-01-24 21:25:30+00:00	1	
691285663522648065	non-rumor	5402612	London, UK	1	0.0	1.0	48971621.0	3.0	144458.0	0.0	37841.0	2007-04-22 14:42:37+00:00	1	
661229627734667264	false	16041234	Washington, DC	1	0.0	1.0	230238.0	3935.0	5002.0	11307.0	287284.0	2008-08-29 12:29:21+00:00	1	
714755546285477888	unverified	362144301	here and there 	0	0.0	1.0	267785.0	971.0	1231.0	4856.0	101102.0	2011-08-25 22:45:47+00:00	1	
672102358516670465	non-rumor	13215132		1	0.0	1.0	138754.0	648.0	6609.0	1297.0	108920.0	2008-02-07 18:34:52+00:00	1	
673686233936072704	false	7702542	Texas, USA	1	0.0	1.0	1125633.0	4226.0	7241.0	96787.0	144639.0	2007-07-25 03:30:38+00:00	1	
618192748735299584	false	199110089		0									0	"403 Forbidden
63 - User has been suspended."
715264793737879553	unverified	14293310		1	0.0	1.0	18602707.0	509.0	104936.0	573.0	387702.0	2008-04-03 13:54:30+00:00	1	
614594667225571328	true	487600344	Washington, DC	1	0.0	1.0	143020.0	57766.0	1274.0	60081.0	54311.0	2012-02-09 14:55:09+00:00	1	
693935557009801218	non-rumor	1367531	U.S.A.	1	0.0	1.0	20678180.0	263.0	70398.0	2.0	451783.0	2007-03-17 19:01:26+00:00	1	
644229386149888001	false	18284815	Miami, FL	1	0.0	0.0	8716.0	10518.0	101.0	23681.0	49123.0	2008-12-21 14:27:45+00:00	1	
763428684850094080	unverified	825501626		0									0	"403 Forbidden
63 - User has been suspended."
671181758692507648	false	487600344	Washington, DC	1	0.0	1.0	143020.0	57766.0	1274.0	60081.0	54311.0	2012-02-09 14:55:09+00:00	1	
692078399012130816	non-rumor	14075928		1	0.0	1.0	11726710.0	5.0	68243.0	3.0	86693.0	2008-03-04 02:48:37+00:00	1	
752875379765968897	unverified	8215672	Virginia Beach	0	0.0	0.0	16092.0	17385.0	728.0	8597.0	110923.0	2007-08-16 03:12:07+00:00	1	
626642648179159040	false	5695632	New York	1	0.0	1.0	6329245.0	2918.0	21201.0	9750.0	299690.0	2007-05-01 21:40:03+00:00	1	
742114513726623744	unverified	14294848		1	0.0	1.0	301537.0	91.0	5147.0	338.0	62633.0	2008-04-03 17:00:11+00:00	1	
716457799392342018	unverified	3594364096	Minneapolis, MN	0	0.0	0.0	12756.0	13718.0	82.0	12942.0	10378.0	2015-09-09 03:32:58+00:00	1	
778625026144792577	unverified	16041234	Washington, DC	1	0.0	1.0	230238.0	3935.0	5002.0	11307.0	287284.0	2008-08-29 12:29:21+00:00	1	
614610920782888960	true	18215973	Washington, D.C.	1	0.0	1.0	262721.0	207.0	2847.0	159.0	1868.0	2008-12-18 14:54:20+00:00	1	
715254040289021952	unverified	16041234	Washington, DC	1	0.0	1.0	230238.0	3935.0	5002.0	11307.0	287284.0	2008-08-29 12:29:21+00:00	1	
673872171341447169	false	455764741	United States	1	0.0	1.0	122275.0	4002.0	2150.0	4767.0	153524.0	2012-01-05 13:54:57+00:00	1	
693167683701968896	non-rumor	30313925	Washington, DC	1	0.0	1.0	12301322.0	227.0	56350.0	0.0	28250.0	2009-04-10 21:10:30+00:00	1	
724624672604610562	unverified	201977673	Colorado Springs, CO	0	0.0	0.0	6698.0	2022.0	24.0	114214.0	41784.0	2010-10-13 01:31:20+00:00	1	
655432919595548672	unverified	2716396878		1	0.0	0.0	144113.0	2066.0	256.0	31765.0	215161.0	2014-08-08 07:17:02+00:00	1	
692014905239666688	non-rumor	428333	Everywhere	1	0.0	1.0	62097591.0	120.0	191408.0	27.0	77394.0	2007-01-02 01:48:14+00:00	1	
544520042810200064	true	442653867	Brooklyn, NY	1	0.0	0.0	102710.0	6578.0	98.0	14434.0	29825.0	2011-12-21 09:56:49+00:00	1	
692803280238419971	non-rumor	6017542	NYC, LA, London	1	0.0	1.0	9650238.0	542.0	84188.0	6.0	106870.0	2007-05-13 23:06:45+00:00	1	
664000310856310784	false	13049362	New York	1	0.0	1.0	2565913.0	775.0	8387.0	33779.0	372270.0	2008-02-04 14:34:39+00:00	1	
742571519105077248	unverified	1090556088		0	0.0	0.0	26279.0	625.0	445.0	19805.0	566.0	2013-01-15 00:22:10+00:00	1	
767541796410839040	non-rumor	14669951	US	0	0.0	0.0	1064560.0	438.0	17050.0	2061.0	139163.0	2008-05-06 05:34:47+00:00	1	
641972184412327937	true	885733974		0									0	"403 Forbidden
63 - User has been suspended."
651321040119963648	false	3005335703		0									0	"403 Forbidden
63 - User has been suspended."
662151653462790144	false	1178700896		0									0	"404 Not Found
50 - User not found."
693844030589902848	non-rumor	2367911	NYC	1	0.0	1.0	17160866.0	30211.0	27748.0	21337.0	305998.0	2007-03-26 22:30:49+00:00	1	
676067381299576832	false	50769180	DC	1	0.0	1.0	3900974.0	421.0	13621.0	4812.0	50322.0	2009-06-25 21:03:25+00:00	1	
544491151118860289	true	292777349		0									0	"403 Forbidden
63 - User has been suspended."
544515538383564801	true	42407972	Washington, DC	0	0.0	1.0	141794.0	2697.0	2038.0	5856.0	40998.0	2009-05-25 13:50:07+00:00	1	
673615400655970304	false	14669951	US	0	0.0	0.0	1064553.0	438.0	17054.0	2061.0	139163.0	2008-05-06 05:34:47+00:00	1	
653432261203750912	unverified	18208354		1	0.0	1.0	8367134.0	3875.0	22509.0	906.0	45951.0	2008-12-18 04:01:47+00:00	1	
641443248909754368	false	972651		1	0.0	1.0	9446885.0	2732.0	118066.0	1792.0	458173.0	2007-03-12 01:28:01+00:00	1	
614601139422633984	true	86141342	New York	1	0.0	1.0	1563423.0	445.0	11184.0	201.0	196257.0	2009-10-29 19:21:20+00:00	1	
524931324763992064	true	25977925	Ottawa, Ontario, Canada	1	0.0	1.0	11105.0	1736.0	235.0	6856.0	3252.0	2009-03-23 09:52:41+00:00	1	
707786906189303808	unverified	4714915461	Shop Now ‚Üí	1	0.0	0.0	11531.0	7.0	11.0	2655.0	1341.0	2016-01-05 13:14:10+00:00	1	
656047932093763584	false	428333	Everywhere	1	0.0	1.0	62097594.0	120.0	191408.0	27.0	77394.0	2007-01-02 01:48:14+00:00	1	
723025600810766336	non-rumor	2883841	Hollywood, CA	1	0.0	1.0	11795769.0	111244.0	32793.0	28733.0	289358.0	2007-03-29 19:42:27+00:00	1	
656595123590012928	false	205789121		1	0.0	1.0	412153.0	1452.0	4703.0	2746.0	108385.0	2010-10-21 16:15:10+00:00	1	
615346611955183616	false	2292074120		0									0	"404 Not Found
50 - User not found."
763524712853102596	unverified	205644304		0									0	"403 Forbidden
63 - User has been suspended."
663817239896821760	false	5695632	New York	1	0.0	1.0	6329245.0	2918.0	21201.0	9750.0	299690.0	2007-05-01 21:40:03+00:00	1	
659462980476637184	false	2304239234	houston, tx	1	0.0	0.0	3473.0	2796.0	30.0	610.0	162.0	2014-01-22 05:00:16+00:00	1	
669259395902152704	false	1598644159		0									0	"403 Forbidden
63 - User has been suspended."
620367840902782976	false	572278319		0	0.0	0.0	155443.0	11363.0	454.0	0.0	78478.0	2012-05-06 03:37:53+00:00	1	
733242244522725376	unverified	1372786812	Home of The MASTERS ‚õ≥Ô∏è	0	0.0	0.0	60865.0	27685.0	431.0	322428.0	550236.0	2013-04-22 18:36:16+00:00	1	
544301453717041152	true	292777349		0									0	"403 Forbidden
63 - User has been suspended."
628045645010608128	false	73593143		0									0	"403 Forbidden
63 - User has been suspended."
672169954016403456	false	28785486	New York City / Worldwide	1	0.0	1.0	17117593.0	487.0	64422.0	39.0	376897.0	2009-04-04 12:40:32+00:00	1	
693076140278153217	non-rumor	2557521		1	0.0	1.0	39241543.0	398.0	59783.0	2271.0	127507.0	2007-03-27 20:46:16+00:00	1	
674314254732931072	false	13850422	Washington, DC	1	0.0	1.0	4278865.0	338.0	21687.0	4.0	210364.0	2008-02-23 03:12:49+00:00	1	
714555825122107392	unverified	32639940	Fort Lauderdale, FL	1	0.0	0.0	1724.0	4111.0	105.0	77709.0	119023.0	2009-04-17 22:52:03+00:00	1	
611039775856812032	false	2097571	Everywhere	1	0.0	1.0	13169038.0	368.0	46781.0	132.0	270194.0	2007-03-24 10:48:14+00:00	1	
778681502825451520	unverified	115754870	Washington, DC	1	0.0	1.0	355568.0	758.0	4577.0	673.0	127248.0	2010-02-19 20:40:15+00:00	1	
525068915068923904	true	17820367	Montreal, Canada	1	0.0	0.0	14755.0	1204.0	232.0	3555.0	10948.0	2008-12-02 22:11:26+00:00	1	
740791134146965504	unverified	82447359	West Valley, CA 	1	0.0	1.0	674461.0	22023.0	2582.0	83784.0	23693.0	2009-10-14 20:17:15+00:00	1	
544504183341064192	true	22594051	Kuala Lumpur, Malaysia	1	0.0	1.0	1762981.0	252.0	4085.0	185.0	452644.0	2009-03-03 06:19:00+00:00	1	
553476490315431937	true	15438913		1	0.0	1.0	2675630.0	2230.0	13432.0	639.0	433624.0	2008-07-15 10:17:46+00:00	1	
761573188543229952	non-rumor	30313925	Washington, DC	1	0.0	1.0	12301322.0	227.0	56350.0	0.0	28250.0	2009-04-10 21:10:30+00:00	1	
673696115305406466	false	134292677	England, United Kingdom	1	0.0	1.0	74246.0	158.0	74.0	300.0	11118.0	2010-04-18 01:09:53+00:00	1	
651825062174195712	false	216299334	London, Newick, LA.	1	0.0	1.0	7971945.0	1981.0	17267.0	8.0	146404.0	2010-11-16 09:37:44+00:00	1	
633949800761700352	false	13850422	Washington, DC	1	0.0	1.0	4278865.0	338.0	21687.0	4.0	210364.0	2008-02-23 03:12:49+00:00	1	
761999790892806144	non-rumor	30313925	Washington, DC	1	0.0	1.0	12301322.0	227.0	56350.0	0.0	28250.0	2009-04-10 21:10:30+00:00	1	
553587013409325058	true	380648579	France	1	0.0	1.0	2133052.0	605.0	24790.0	2379.0	288522.0	2011-09-27 00:35:10+00:00	1	
544513524438155264	true	788524		1	0.0	1.0	3669316.0	1230.0	34662.0	12.0	299732.0	2007-02-22 12:32:47+00:00	1	
672539897899577344	false	24486612		0									0	"403 Forbidden
63 - User has been suspended."
693691456222052352	non-rumor	2883841	Hollywood, CA	1	0.0	1.0	11795769.0	111244.0	32793.0	28733.0	289358.0	2007-03-29 19:42:27+00:00	1	
693648684857323521	non-rumor	2883841	Hollywood, CA	1	0.0	1.0	11795769.0	111244.0	32793.0	28733.0	289358.0	2007-03-29 19:42:27+00:00	1	
655812191233417216	unverified	186569856	North East, England	0	0.0	0.0	43751.0	40324.0	193.0	3.0	29115.0	2010-09-03 20:26:07+00:00	1	
672219174463275008	false	28785486	New York City / Worldwide	1	0.0	1.0	17117594.0	487.0	64422.0	39.0	376897.0	2009-04-04 12:40:32+00:00	1	
614628865353351168	true	2097571	Everywhere	1	0.0	1.0	13169038.0	368.0	46781.0	132.0	270194.0	2007-03-24 10:48:14+00:00	1	
727854332188577792	unverified	366819502		0									0	"404 Not Found
50 - User not found."
544358564484378624	true	28785486	New York City / Worldwide	1	0.0	1.0	17117594.0	487.0	64422.0	39.0	376897.0	2009-04-04 12:40:32+00:00	1	
742012307694223361	unverified	236487888		1	0.0	1.0	377109.0	26561.0	3061.0	10985.0	101335.0	2011-01-10 18:11:53+00:00	1	
707332312724283392	unverified	282695161	USAF Desert Storm/Shield Vet	1	0.0	1.0	431621.0	13408.0	2105.0	41845.0	274693.0	2011-04-15 18:32:32+00:00	1	
755447443009916929	unverified	10774652	Dallas, TX	1	0.0	1.0	701918.0	710.0	6466.0	5383.0	146788.0	2007-12-01 22:23:57+00:00	1	
693555965019492352	non-rumor	428333	Everywhere	1	0.0	1.0	62097605.0	120.0	191408.0	27.0	77394.0	2007-01-02 01:48:14+00:00	1	
705092738224525312	unverified	292777349		0									0	"403 Forbidden
63 - User has been suspended."
724661834419048448	unverified	457949035		0	1.0	0.0	1156.0	400.0	24.0	537108.0	288117.0	2012-01-08 00:49:32+00:00	1	
757190314880884736	unverified	510455186	Eochaill Arra	1	0.0	0.0	59374.0	4544.0	682.0	20563.0	30608.0	2012-03-01 16:07:43+00:00	1	
544278985249550337	true	22123727	New South Wales, Australia	1	0.0	1.0	123457.0	4871.0	1277.0	8943.0	22553.0	2009-02-27 09:18:48+00:00	1	
544367462012432384	true	1367531	U.S.A.	1	0.0	1.0	20678186.0	263.0	70398.0	2.0	451783.0	2007-03-17 19:01:26+00:00	1	
775672628493357057	unverified	26487169	New York, NY	1	0.0	1.0	2171847.0	2009.0	5292.0	20119.0	38178.0	2009-03-25 12:39:59+00:00	1	
692797856386777089	non-rumor	2557521		1	0.0	1.0	39241548.0	398.0	59783.0	2271.0	127507.0	2007-03-27 20:46:16+00:00	1	
614645853291155457	true	1917731	Washington, DC	1	0.0	1.0	4309551.0	290.0	28954.0	13.0	987109.0	2007-03-22 18:15:18+00:00	1	
682916727282270208	non-rumor	788524		1	0.0	1.0	3669316.0	1230.0	34662.0	12.0	299732.0	2007-02-22 12:32:47+00:00	1	
725983128444129280	unverified	26900055		0	0.0	0.0	158842.0	5376.0	955.0	38312.0	303051.0	2009-03-27 00:23:22+00:00	1	
766808183696351233	unverified	69009254	New York, USA	0	0.0	0.0	740.0	731.0	21.0	16933.0	64195.0	2009-08-26 15:22:11+00:00	1	
552791196247269378	true	2097571	Everywhere	1	0.0	1.0	13169042.0	368.0	46781.0	132.0	270194.0	2007-03-24 10:48:14+00:00	1	
524943490887991296	true	18999969	Ottawa	1	0.0	1.0	255374.0	517.0	2436.0	3279.0	148330.0	2009-01-14 22:46:19+00:00	1	
667534186450825216	false	141864252		0									0	"403 Forbidden
63 - User has been suspended."
687643002240679936	non-rumor	5402612	London, UK	1	0.0	1.0	48971638.0	3.0	144458.0	0.0	37841.0	2007-04-22 14:42:37+00:00	1	
723511860516016128	unverified	23995748	New York, NY	1	0.0	1.0	635511.0	14072.0	5841.0	5309.0	138538.0	2009-03-12 18:09:36+00:00	1	
677099574855639044	false	28785486	New York City / Worldwide	1	0.0	1.0	17117594.0	487.0	64422.0	39.0	376897.0	2009-04-04 12:40:32+00:00	1	
544391533240516608	true	4970411	Doha, Qatar	1	0.0	1.0	7408952.0	238.0	54897.0	9770.0	298956.0	2007-04-17 08:23:08+00:00	1	
656825206045020160	false	15012486	New York, NY	1	0.0	1.0	8410994.0	594.0	55235.0	311.0	326599.0	2008-06-05 00:54:31+00:00	1	
525025279803424768	true	6038642	Canada	1	0.0	1.0	8583.0	2062.0	498.0	1725.0	215249.0	2007-05-14 17:26:35+00:00	1	
693119705469587456	non-rumor	28785486	New York City / Worldwide	1	0.0	1.0	17117594.0	487.0	64422.0	39.0	376897.0	2009-04-04 12:40:32+00:00	1	
666051332504207360	false	19417492	New York	1	0.0	1.0	331948.0	1358.0	5833.0	525.0	136827.0	2009-01-23 22:20:49+00:00	1	
692929779696275456	non-rumor	428333	Everywhere	1	0.0	1.0	62097609.0	120.0	191408.0	27.0	77394.0	2007-01-02 01:48:14+00:00	1	
650975967146602496	unverified	22084427		1	0.0	1.0	1588226.0	1.0	15123.0	454910.0	67202.0	2009-02-27 00:19:20+00:00	1	
553544694765215745	true	9651232	Paris	1	0.0	1.0	69726.0	1133.0	663.0	5614.0	12260.0	2007-10-24 11:44:31+00:00	1	
674080899055546368	false	292816822	Los Angeles	1	0.0	0.0	8441.0	950.0	339.0	238304.0	61009.0	2011-05-04 08:36:53+00:00	1	
626770498328895488	false	572278319		0	0.0	0.0	155443.0	11363.0	454.0	0.0	78478.0	2012-05-06 03:37:53+00:00	1	
657007736467525632	false	2425231		0	0.0	0.0	3354423.0	0.0	6118.0	62.0	757477.0	2007-03-27 07:29:54+00:00	1	
614626710248534016	true	2884771	New York, NY	1	0.0	1.0	3483118.0	556.0	37320.0	2590.0	299213.0	2007-03-29 19:51:11+00:00	1	
751536167183613952	unverified	97994396	https://keybase.io/th3j35t3r	1	0.0	0.0	176019.0	1337.0	2772.0	165956.0	44816.0	2009-12-19 22:27:39+00:00	1	
693771953648373760	non-rumor	5988062	London	1	0.0	1.0	26251760.0	136.0	119604.0	154.0	295203.0	2007-05-12 13:04:50+00:00	1	
649903655160815616	true	759251		1	0.0	1.0	56316741.0	1102.0	152021.0	1403.0	366303.0	2007-02-09 00:35:02+00:00	1	
692082861525078017	non-rumor	8936082		1	0.0	1.0	560140.0	730.0	10715.0	123.0	63257.0	2007-09-17 18:47:34+00:00	1	
614054616154550273	false	343051698		0									0	"403 Forbidden
63 - User has been suspended."
674301960787505153	false	2513748687	New York, NY	0	0.0	0.0	9393.0	143.0	71.0	24202.0	93274.0	2014-04-28 02:01:44+00:00	1	
658755852199927808	unverified	115754870	Washington, DC	1	0.0	1.0	355560.0	758.0	4576.0	673.0	127248.0	2010-02-19 20:40:15+00:00	1	 
748543642323783681	unverified	16552921		0									0	"403 Forbidden
63 - User has been suspended."
614494170590367744	true	1187647735		0									0	"403 Forbidden
63 - User has been suspended."
661870323034431489	false	20250241	Not Glasgow.	1	0.0	0.0	1786.0	2938.0	53.0	50260.0	75928.0	2009-02-06 16:43:28+00:00	1	
637873886072320001	false	759251		1	0.0	1.0	56316740.0	1102.0	152021.0	1403.0	366303.0	2007-02-09 00:35:02+00:00	1	
732004388181434368	unverified	27500565	Minneapolis, MN	1	0.0	1.0	1012328.0	149.0	9323.0	53.0	21570.0	2009-03-29 20:48:44+00:00	1	
689938201193115648	non-rumor	30313925	Washington, DC	1	0.0	1.0	12301323.0	227.0	56350.0	0.0	28250.0	2009-04-10 21:10:30+00:00	1	
645362146415525888	false	2712571328		0	1.0	0.0	25046.0	22773.0	246.0	412599.0	227942.0	2014-08-06 17:44:45+00:00	1	
692758581494599681	non-rumor	428333	Everywhere	1	0.0	1.0	62097608.0	120.0	191408.0	27.0	77394.0	2007-01-02 01:48:14+00:00	1	
672632863452299264	false	158060289	Las Vegas, NV	1	0.0	0.0	144108.0	133083.0	517.0	13011.0	2678.0	2010-06-21 17:30:53+00:00	1	
727187859367546880	unverified	33529092	Texas, USA	1	0.0	0.0	163190.0	34763.0	210.0	89308.0	247971.0	2009-04-20 14:29:59+00:00	1	
764931593303646208	unverified	380285402	New York	1	0.0	1.0	378383.0	1813.0	3340.0	1472.0	274703.0	2011-09-26 11:52:56+00:00	1	
525056576038518785	true	16343974	London, UK	1	0.0	1.0	3159411.0	862.0	20179.0	369.0	467547.0	2008-09-18 06:50:54+00:00	1	 
672433211604013057	false	715044396	Los Angeles, CA	1	0.0	0.0	102266.0	3320.0	609.0	285777.0	277314.0	2012-07-24 22:39:06+00:00	1	
747275598347837440	unverified	1379288282		0									0	"404 Not Found
50 - User not found."
774833492865593344	unverified	3307277274		0									0	"404 Not Found
50 - User not found."
760928376668454912	unverified	70468535	Los Angeles, CA	1	0.0	1.0	228817.0	1035.0	1461.0	8859.0	18861.0	2009-08-31 18:51:46+00:00	1	
728013148788154368	unverified	9648652	Los Angeles, CA	1	0.0	1.0	304676.0	15684.0	3292.0	2965.0	220645.0	2007-10-24 08:04:57+00:00	1	
614618682543616000	true	2884771	New York, NY	1	0.0	1.0	3483118.0	556.0	37320.0	2590.0	299213.0	2007-03-29 19:51:11+00:00	1	
693060960001597440	non-rumor	759251		1	0.0	1.0	56316656.0	1102.0	152027.0	1403.0	366303.0	2007-02-09 00:35:02+00:00	1	
693826104633737217	non-rumor	14780915	New York, New York	1	0.0	1.0	6341422.0	419.0	35632.0	543.0	164960.0	2008-05-15 02:52:27+00:00	1	
723644048867774464	unverified	16211434	New York, NY	1	0.0	1.0	4279157.0	988.0	14915.0	13812.0	165039.0	2008-09-09 21:16:34+00:00	1	
742050150307246080	unverified	16190478	Republic of House	1	0.0	0.0	40868.0	28860.0	990.0	33897.0	1010367.0	2008-09-08 19:42:48+00:00	1	
675064077367005184	false	40340946		1	0.0	0.0	113571.0	1336.0	1145.0	5938.0	241591.0	2009-05-15 21:42:28+00:00	1	
524926235030589440	true	292777349		0									0	"403 Forbidden
63 - User has been suspended."
749286768554438658	unverified	759251		1	0.0	1.0	56316745.0	1102.0	152021.0	1403.0	366303.0	2007-02-09 00:35:02+00:00	1	
544380742076088320	true	22724717	'Straya	1	0.0	1.0	12626.0	1099.0	173.0	3564.0	14130.0	2009-03-04 03:07:11+00:00	1	
614605997953404929	true	51241574	Global	1	0.0	1.0	15497834.0	6844.0	102823.0	3805.0	311822.0	2009-06-26 21:48:52+00:00	1	
629503919098429440	false	1547119022		0	0.0	0.0	538.0	360.0	0.0	12306.0	1982.0	2013-06-26 02:15:00+00:00	1	
692623941131722752	non-rumor	428333	Everywhere	1	0.0	1.0	62097608.0	120.0	191408.0	27.0	77394.0	2007-01-02 01:48:14+00:00	1	
626546123713474560	false	5695632	New York	1	0.0	1.0	6329245.0	2918.0	21201.0	9750.0	299690.0	2007-05-01 21:40:03+00:00	1	
672906198434209792	false	28785486	New York City / Worldwide	1	0.0	1.0	17117595.0	487.0	64422.0	39.0	376897.0	2009-04-04 12:40:32+00:00	1	
673615263040798726	false	462104542	Texas	1	0.0	1.0	552028.0	2271.0	2913.0	9992.0	109424.0	2012-01-12 15:30:41+00:00	1	
647169573599449088	false	292777349		0									0	"403 Forbidden
63 - User has been suspended."
641050980985999360	false	18856867		1	0.0	0.0	1232018.0	858.0	22674.0	3.0	455134.0	2009-01-11 04:08:58+00:00	1	
727179214546456577	unverified	457984599		1	0.0	1.0	1470956.0	110.0	9212.0	887.0	155948.0	2012-01-08 01:50:52+00:00	1	
666107476526432256	false	343613500		0									0	"403 Forbidden
63 - User has been suspended."
620916279608651776	false	343051698		0									0	"403 Forbidden
63 - User has been suspended."
673664899571060736	false	455764741	United States	1	0.0	1.0	122275.0	4002.0	2150.0	4767.0	153524.0	2012-01-05 13:54:57+00:00	1	
544271284796784640	true	375721095	Nashville	1	0.0	0.0	935715.0	0.0	5872.0	1.0	799.0	2011-09-18 16:36:06+00:00	1	
692071267189395457	non-rumor	30313925	Washington, DC	1	0.0	1.0	12301323.0	227.0	56350.0	0.0	28250.0	2009-04-10 21:10:30+00:00	1	
651486105628463105	unverified	402098922		1	0.0	1.0	15438.0	294.0	43.0	28648.0	47548.0	2011-10-31 15:05:53+00:00	1	
675065047710892033	false	18201114		1	0.0	1.0	504430.0	1932.0	3331.0	1376.0	70374.0	2008-12-17 21:56:51+00:00	1	
668144671772778497	false	9763482	New York / fb.com/nydailynews	1	0.0	1.0	811696.0	797.0	11094.0	2112.0	366405.0	2007-10-29 00:07:35+00:00	1	
604625816992002049	false	786796010		0									0	"403 Forbidden
63 - User has been suspended."
682996350909157376	non-rumor	14138785	London, UK	1	0.0	1.0	762878.0	247.0	12136.0	37.0	211606.0	2008-03-13 11:27:48+00:00	1	
688752927381581824	non-rumor	30313925	Washington, DC	1	0.0	1.0	12301323.0	227.0	56350.0	0.0	28250.0	2009-04-10 21:10:30+00:00	1	
693087220459270144	non-rumor	5402612	London, UK	1	0.0	1.0	48971647.0	3.0	144458.0	0.0	37841.0	2007-04-22 14:42:37+00:00	1	
524962142563610625	true	957502914	Toronto	1	0.0	0.0	1216.0	837.0	37.0	1110.0	4566.0	2012-11-19 14:14:46+00:00	1	
693573781730783232	non-rumor	2557521		1	0.0	1.0	39241553.0	398.0	59783.0	2271.0	127507.0	2007-03-27 20:46:16+00:00	1	
692083780123783172	non-rumor	2884771	New York, NY	1	0.0	1.0	3483118.0	556.0	37320.0	2590.0	299213.0	2007-03-29 19:51:11+00:00	1	
627828211003469825	false	5695632	New York	1	0.0	1.0	6329245.0	2918.0	21201.0	9750.0	299690.0	2007-05-01 21:40:03+00:00	1	
693059995013742592	non-rumor	14669951	US	0	0.0	0.0	1064560.0	438.0	17050.0	2061.0	139163.0	2008-05-06 05:34:47+00:00	1	
614594195479752704	true	8839632	New York	1	0.0	1.0	1045444.0	510.0	10772.0	2027.0	184996.0	2007-09-12 19:19:22+00:00	1	
692691444046372865	non-rumor	428333	Everywhere	1	0.0	1.0	62097609.0	120.0	191408.0	27.0	77394.0	2007-01-02 01:48:14+00:00	1	
614593989203886080	true	19921215	Los Angeles 	1	0.0	1.0	42090.0	988.0	447.0	92116.0	32258.0	2009-02-02 18:31:12+00:00	1	
690376107825192960	non-rumor	30313925	Washington, DC	1	0.0	1.0	12301243.0	227.0	56353.0	0.0	28250.0	2009-04-10 21:10:30+00:00	1	 
658259426172891136	false	180524193		0									0	"404 Not Found
50 - User not found."
676586804242309121	unverified	17469289	New York, NY	1	0.0	1.0	2425989.0	11032.0	20333.0	1936.0	452456.0	2008-11-18 19:46:36+00:00	1	
651959206287908868	false	13049362	New York	1	0.0	1.0	2565914.0	775.0	8387.0	33779.0	372270.0	2008-02-04 14:34:39+00:00	1	
681147789653356544	true	16331010	Los Angeles, CA	1	0.0	1.0	5835517.0	923.0	20068.0	1303.0	369514.0	2008-09-17 15:50:22+00:00	1	
652882609219833856	false	759251		1	0.0	1.0	56316759.0	1102.0	152021.0	1403.0	366303.0	2007-02-09 00:35:02+00:00	1	
544476808566276097	true	7587032	London, UK	1	0.0	1.0	7508945.0	23.0	29008.0	1.0	509902.0	2007-07-19 14:42:53+00:00	1	
687274510643511296	non-rumor	8936082		1	0.0	1.0	560140.0	730.0	10715.0	123.0	63257.0	2007-09-17 18:47:34+00:00	1	
647464349611589632	false	759251		1	0.0	1.0	56316760.0	1102.0	152021.0	1403.0	366303.0	2007-02-09 00:35:02+00:00	1	
726086935903494144	unverified	462104542	Texas	1	0.0	1.0	552266.0	2271.0	2907.0	9992.0	109424.0	2012-01-12 15:30:41+00:00	1	
691632238035886081	non-rumor	5402612	London, UK	1	0.0	1.0	48971652.0	3.0	144458.0	0.0	37841.0	2007-04-22 14:42:37+00:00	1	
524952883343925249	true	5402612	London, UK	1	0.0	1.0	48971652.0	3.0	144458.0	0.0	37841.0	2007-04-22 14:42:37+00:00	1	
688021039322894336	non-rumor	5402612	London, UK	1	0.0	1.0	48971652.0	3.0	144458.0	0.0	37841.0	2007-04-22 14:42:37+00:00	1	
707308274270539777	unverified	232901331	Planet ‚ÄúBanned By YouTube‚Äù 	1	0.0	1.0	2465538.0	1059.0	6290.0	61500.0	26402.0	2011-01-01 17:50:03+00:00	1	
691678576018657281	non-rumor	16374678		1	0.0	1.0	1162389.0	486.0	6303.0	4256.0	253011.0	2008-09-20 04:22:30+00:00	1	
692874200927698945	non-rumor	6017542	NYC, LA, London	1	0.0	1.0	9650241.0	542.0	84188.0	6.0	106870.0	2007-05-13 23:06:45+00:00	1	
666640008149925893	false	1140451	Signal: 773-658-9986	1	0.0	1.0	102711.0	8932.0	4450.0	57237.0	2899.0	2007-03-14 05:45:24+00:00	1	
663515735231062016	false	2998771683		0									0	"404 Not Found
50 - User not found."
643139873264812032	false	1165253690		0									0	"403 Forbidden
63 - User has been suspended."
689860942671130624	non-rumor	30313925	Washington, DC	1	0.0	1.0	12301323.0	227.0	56350.0	0.0	28250.0	2009-04-10 21:10:30+00:00	1	
656662726014599168	false	5988062	London	1	0.0	1.0	26251761.0	136.0	119604.0	154.0	295203.0	2007-05-12 13:04:50+00:00	1	
674229534888185856	false	16343974	London, UK	1	0.0	1.0	3159406.0	862.0	20177.0	369.0	467540.0	2008-09-18 06:50:54+00:00	1	
716424773216022530	unverified	2689574322	India	0	0.0	0.0	8121.0	2224.0	72.0	790.0	3610.0	2014-07-29 08:54:09+00:00	1	
672432930426372096	false	23195603	Send ‚≠êÔ∏èDM 4 Follow Back!	1	0.0	0.0	112952.0	96420.0	679.0	1152.0	250115.0	2009-03-07 14:18:02+00:00	1	
600451916414484480	false	1571502440	The Moon	1	0.0	0.0	15158.0	21.0	65.0	384.0	3487.0	2013-07-05 22:47:01+00:00	1	
692838430783332357	non-rumor	14075928		1	0.0	1.0	11726713.0	5.0	68243.0	3.0	86693.0	2008-03-04 02:48:37+00:00	1	
717081129627553792	unverified	700720920218894338		0									0	"403 Forbidden
63 - User has been suspended."
765612862681255936	non-rumor	11350892	NY, NY	1	0.0	1.0	1068130.0	3927.0	8445.0	4540.0	128853.0	2007-12-19 21:40:47+00:00	1	
641088973717110784	false	225238649	Sidney, Nebraska	0	0.0	0.0	356.0	654.0	27.0	23995.0	34606.0	2010-12-11 02:19:26+00:00	1	
652349108653551616	unverified	14511951		1	0.0	1.0	11353930.0	5599.0	82415.0	1140.0	595007.0	2008-04-24 14:07:28+00:00	1	
777710439870455808	unverified	522537060		0									0	"403 Forbidden
63 - User has been suspended."
553508098825261056	true	14173315	New York, NY	1	0.0	1.0	8835627.0	1858.0	49558.0	780.0	331041.0	2008-03-18 23:19:17+00:00	1	
762793077509464064	non-rumor	30313925	Washington, DC	1	0.0	1.0	12301323.0	227.0	56350.0	0.0	28250.0	2009-04-10 21:10:30+00:00	1	
614628136634949632	true	35459922	Changing the World of Fashion	1	0.0	0.0	525780.0	14277.0	3446.0	2843.0	38621.0	2009-04-26 13:01:31+00:00	1	
580324027715063808	true	38400130	Singapore	1	0.0	1.0	1116187.0	176.0	5607.0	238.0	604492.0	2009-05-07 09:14:43+00:00	1	
634665777400950784	false	1656825386		0									0	"404 Not Found
50 - User not found."
674301413040758785	false	2097571	Everywhere	1	0.0	1.0	13169054.0	368.0	46781.0	132.0	270194.0	2007-03-24 10:48:14+00:00	1	
613362193787129860	false	1349082427		0									0	"403 Forbidden
63 - User has been suspended."
743764020679741440	unverified	18071459	New York	1	0.0	1.0	172632.0	836.0	887.0	941.0	24162.0	2008-12-12 06:09:53+00:00	1	
692820029159653377	non-rumor	14780915	New York, New York	1	0.0	1.0	6341422.0	419.0	35632.0	543.0	164960.0	2008-05-15 02:52:27+00:00	1	
693471161313816576	non-rumor	2467791	Washington, DC	1	0.0	1.0	18712992.0	1715.0	104975.0	4258.0	419726.0	2007-03-27 11:19:39+00:00	1	
716092408920936448	unverified	47253057		0									0	"403 Forbidden
63 - User has been suspended."
524941132237910016	true	36730252	Atlanta, Georgia	1	0.0	1.0	1729.0	2342.0	83.0	3037.0	8235.0	2009-04-30 18:13:30+00:00	1	
727116900983934976	unverified	15515169	Southern Command	1	0.0	1.0	192000.0	13113.0	2144.0	6301.0	2525.0	2008-07-21 14:09:17+00:00	1	
655986243042459648	false	2425231		0	0.0	0.0	3354424.0	0.0	6118.0	62.0	757478.0	2007-03-27 07:29:54+00:00	1	
544283772569788416	true	7587032	London, UK	1	0.0	1.0	7508947.0	23.0	29008.0	1.0	509902.0	2007-07-19 14:42:53+00:00	1	
693818562981421056	non-rumor	2557521		1	0.0	1.0	39241564.0	398.0	59783.0	2271.0	127507.0	2007-03-27 20:46:16+00:00	1	
658938136299511808	unverified	16343974	London, UK	1	0.0	1.0	3159406.0	862.0	20177.0	369.0	467540.0	2008-09-18 06:50:54+00:00	1	
618449248179191808	false	343051698		0									0	"403 Forbidden
63 - User has been suspended."
693897857376632832	non-rumor	14075928		1	0.0	1.0	11726713.0	5.0	68243.0	3.0	86693.0	2008-03-04 02:48:37+00:00	1	
692410832307818497	non-rumor	9300262	Washington, D.C.	1	0.0	1.0	4560148.0	1621.0	43369.0	99.0	359756.0	2007-10-08 00:29:38+00:00	1	
662381914842603520	false	166329578		0	0.0	0.0	31066.0	8031.0	438.0	37368.0	139629.0	2010-07-13 22:06:57+00:00	1	
615494435074363392	true	1018225862	Merica	1	0.0	0.0	218571.0	8.0	133.0	15.0	10379.0	2012-12-17 20:06:55+00:00	1	
763520953619918848	unverified	129235890		0									0	"404 Not Found
50 - User not found."
766568413418356736	non-rumor	5402612	London, UK	1	0.0	1.0	48971663.0	3.0	144458.0	0.0	37841.0	2007-04-22 14:42:37+00:00	1	
676367888543031296	true	14940354	iPhone: 40.751663,-73.989670	0	0.0	1.0	212069.0	2569.0	6064.0	29902.0	136202.0	2008-05-29 03:01:14+00:00	1	
692758050378256388	non-rumor	14780915	New York, New York	1	0.0	1.0	6341423.0	419.0	35632.0	543.0	164960.0	2008-05-15 02:52:27+00:00	1	
642465192408940544	true	129235890		0									0	"404 Not Found
50 - User not found."
612438528803213312	false	9112032		0	0.0	0.0	4682.0	1395.0	169.0	13351.0	90638.0	2007-09-26 19:12:05+00:00	1	
613425834301485056	false	23995748	New York, NY	1	0.0	1.0	635511.0	14072.0	5841.0	5309.0	138538.0	2009-03-12 18:09:36+00:00	1	
714567472712589312	unverified	491461409	The Republic of TEXAS, USA	1	0.0	0.0	141124.0	7964.0	1042.0	310571.0	268679.0	2012-02-13 17:20:43+00:00	1	
693281966846808064	non-rumor	759251		1	0.0	1.0	56316772.0	1102.0	152021.0	1403.0	366303.0	2007-02-09 00:35:02+00:00	1	
659428447459110912	false	1009546724	Same planet as you	0	0.0	0.0	128873.0	169.0	567.0	1953.0	49125.0	2012-12-13 19:25:00+00:00	1	
672902686380003328	false	1297418582		0									0	"403 Forbidden
63 - User has been suspended."
659439879701602304	false	1229074621	United Kingdom	1	0.0	0.0	65352.0	270.0	436.0	13701.0	54173.0	2013-03-01 05:12:03+00:00	1	
553590459688570880	true	868112707	worldwide	1	0.0	1.0	176684.0	339.0	3796.0	262.0	33299.0	2012-10-08 14:43:38+00:00	1	
525058976376193024	true	2326482060	The Fucking Nest	0	0.0	0.0	6373.0	8.0	3.0	10.0	33.0	2014-02-04 04:28:22+00:00	1	
669201837187334144	false	2425231		0	0.0	0.0	3354425.0	0.0	6118.0	62.0	757478.0	2007-03-27 07:29:54+00:00	1	
652300118205427716	unverified	14669951	US	0	0.0	0.0	1064560.0	438.0	17050.0	2061.0	139163.0	2008-05-06 05:34:47+00:00	1	
693203974388895744	non-rumor	759251		1	0.0	1.0	56316775.0	1102.0	152021.0	1403.0	366303.0	2007-02-09 00:35:02+00:00	1	
747443219487678464	unverified	236487888		1	0.0	1.0	377109.0	26561.0	3061.0	10985.0	101335.0	2011-01-10 18:11:53+00:00	1	
755548076438196225	unverified	1075460258		0									0	"403 Forbidden
63 - User has been suspended."
728627623488786433	unverified	299800115	New Jersey, USA	1	0.0	0.0	327820.0	206.0	648.0	124.0	6518.0	2011-05-16 18:03:04+00:00	1	
553476880339599360	true	64643056		1	0.0	1.0	2966741.0	700.0	20821.0	2147.0	414674.0	2009-08-11 06:12:45+00:00	1	
749039299677417472	unverified	709497411144523776	United States	1	0.0	0.0	15978.0	9282.0	38.0	34.0	11.0	2016-03-14 21:52:19+00:00	1	
687537772970684417	non-rumor	788524		1	0.0	1.0	3669318.0	1230.0	34662.0	12.0	299733.0	2007-02-22 12:32:47+00:00	1	
725070832494624769	unverified	236487888		1	0.0	1.0	377109.0	26561.0	3061.0	10985.0	101335.0	2011-01-10 18:11:53+00:00	1	
728038172270198787	unverified	584031440	Murica	1	0.0	0.0	262226.0	1144.0	863.0	198.0	11932.0	2012-05-18 18:09:43+00:00	1	
500378223977721856	true	16116288	Washington, D.C.	1	0.0	1.0	638264.0	4110.0	4819.0	44630.0	585510.0	2008-09-03 17:35:09+00:00	1	
724348906096590849	unverified	1367531	U.S.A.	1	0.0	1.0	20678194.0	263.0	70398.0	2.0	451783.0	2007-03-17 19:01:26+00:00	1	
658786161733734400	false	573459961		0									0	"403 Forbidden
63 - User has been suspended."
728207861050970112	unverified	307478701		1	0.0	0.0	363043.0	71.0	2727.0	1373.0	2071.0	2011-05-29 18:18:47+00:00	1	
651402689352351744	false	30973	Seattle, WA	1	0.0	1.0	11013890.0	90532.0	25714.0	21875.0	255136.0	2006-11-29 19:19:02+00:00	1	
634943791934406657	false	255546135		0	0.0	0.0	38885.0	26990.0	472.0	1.0	15648.0	2011-02-21 15:54:32+00:00	1	
544319832486064128	true	51241574	Global	1	0.0	1.0	15497842.0	6844.0	102823.0	3805.0	311822.0	2009-06-26 21:48:52+00:00	1	
693606934050684928	non-rumor	2883841	Hollywood, CA	1	0.0	1.0	11795774.0	111244.0	32793.0	28733.0	289358.0	2007-03-29 19:42:27+00:00	1	
666810213274689537	false	7702542	Texas, USA	1	0.0	1.0	1125634.0	4226.0	7241.0	96787.0	144639.0	2007-07-25 03:30:38+00:00	1	
692702295281262593	non-rumor	5402612	London, UK	1	0.0	1.0	48971669.0	3.0	144458.0	0.0	37841.0	2007-04-22 14:42:37+00:00	1	
692498490249891842	non-rumor	30313925	Washington, DC	1	0.0	1.0	12301323.0	227.0	56350.0	0.0	28250.0	2009-04-10 21:10:30+00:00	1	
689867195657101312	non-rumor	14934818	New York, NY	1	0.0	1.0	4288550.0	2532.0	19227.0	5136.0	273299.0	2008-05-28 15:55:24+00:00	1	
553512735192141826	true	87416722	London, UK	1	0.0	1.0	4834381.0	3.0	21411.0	0.0	56232.0	2009-11-04 11:25:45+00:00	1	
544517264054423552	true	171802941	Sydney, Australia	1	0.0	1.0	164824.0	491.0	1281.0	953.0	300747.0	2010-07-28 05:48:13+00:00	1	
656629493377990656	false	257799442		0									0	"403 Forbidden
63 - User has been suspended."
663744139666804736	unverified	2196201139		0	0.0	1.0	110430.0	77624.0	1260.0	54484.0	14895.0	2013-11-15 15:50:03+00:00	1	
675005503160901632	false	426802833	Washington, D.C.	1	0.0	1.0	561037.0	616.0	7619.0	20.0	83787.0	2011-12-02 18:26:10+00:00	1	
638047610973089793	false	2265593154		0	0.0	0.0	4960.0	89.0	6.0	5.0	84.0	2013-12-28 08:26:50+00:00	1	
727623131494387714	unverified	3540252020	The Good Life #GBRüéà	0	0.0	0.0	33744.0	19945.0	18.0	95261.0	46189.0	2015-09-12 17:37:28+00:00	1	
723198441690636288	non-rumor	2883841	Hollywood, CA	1	0.0	1.0	11795774.0	111244.0	32793.0	28733.0	289358.0	2007-03-29 19:42:27+00:00	1	
641082932740947972	true	807095	New York City	1	0.0	1.0	51683085.0	870.0	213085.0	18840.0	463634.0	2007-03-02 20:41:42+00:00	1	
648894687542034432	false	141864252		0									0	"403 Forbidden
63 - User has been suspended."
692925396292091905	non-rumor	14780915	New York, New York	1	0.0	1.0	6341423.0	419.0	35632.0	543.0	164960.0	2008-05-15 02:52:27+00:00	1	
752965545528528898	unverified	14499829	Geneva, Switzerland	1	0.0	1.0	10682734.0	1747.0	34846.0	11983.0	67883.0	2008-04-23 19:56:27+00:00	1	
778572032531427332	unverified	16041234	Washington, DC	1	0.0	1.0	230238.0	3935.0	5002.0	11307.0	287285.0	2008-08-29 12:29:21+00:00	1	
716451800581279744	unverified	755113		0	0.0	1.0	1094847.0	13687.0	7952.0	174138.0	2238.0	2007-02-06 05:17:19+00:00	1	
637868242560638980	false	3369234799	Los Angeles, CA	1	0.0	0.0	24994.0	1051.0	93.0	14578.0	268.0	2015-08-28 09:43:52+00:00	1	
498430783699554305	true	24165761		1	0.0	1.0	278115.0	1266.0	2809.0	185268.0	78940.0	2009-03-13 12:55:21+00:00	1	
641430951403343872	false	635053388		1	0.0	0.0	928520.0	3550.0	1733.0	2.0	98722.0	2012-07-14 02:59:26+00:00	1	
635632641635667968	false	6433472	Canada	1	0.0	1.0	3256507.0	1296.0	15657.0	5963.0	260126.0	2007-05-30 05:20:39+00:00	1	
652000523525091328	unverified	16343974	London, UK	1	0.0	1.0	3159406.0	862.0	20177.0	369.0	467540.0	2008-09-18 06:50:54+00:00	1	
626897206717624320	false	2385975014	*Turn on Notifications*	0	0.0	0.0	2455.0	0.0	5.0	0.0	38.0	2014-03-12 23:56:08+00:00	1	
693476774462820352	non-rumor	1652541	Around the world	1	0.0	1.0	24306392.0	1200.0	131211.0	755.0	820061.0	2007-03-20 17:46:05+00:00	1	
626516248206135296	false	1020058453		1	0.0	1.0	1395962.0	4767.0	11942.0	2496.0	204750.0	2012-12-18 15:46:37+00:00	1	
676094756758364160	false	2425231		0	0.0	0.0	3354425.0	0.0	6118.0	62.0	757478.0	2007-03-27 07:29:54+00:00	1	
715256242990505984	unverified	2836421		1	0.0	1.0	4516779.0	791.0	29739.0	814.0	274598.0	2007-03-29 13:15:41+00:00	1	
690650123358093312	non-rumor	5402612	London, UK	1	0.0	1.0	48971675.0	3.0	144458.0	0.0	37841.0	2007-04-22 14:42:37+00:00	1	
701514249269542912	unverified	807095	New York City	1	0.0	1.0	51683087.0	870.0	213085.0	18840.0	463634.0	2007-03-02 20:41:42+00:00	1	
623599854661541888	true	18643437	London	1	0.0	1.0	1184703.0	788.0	7216.0	8488.0	80766.0	2009-01-05 20:04:23+00:00	1	
629209452793626624	false	1863198290	Riyadh	1	0.0	0.0	9860.0	319.0	8.0	124.0	616.0	2013-09-14 09:05:56+00:00	1	
693811101146963968	non-rumor	9300262	Washington, D.C.	1	0.0	1.0	4560149.0	1621.0	43369.0	99.0	359756.0	2007-10-08 00:29:38+00:00	1	
666497286663503872	false	15754281	USA TODAY HQ, McLean, Va.	1	0.0	1.0	4575909.0	903.0	36696.0	3048.0	369128.0	2008-08-06 19:55:31+00:00	1	
642432477185867776	false	562338854		0									0	"403 Forbidden
63 - User has been suspended."
682999206290829312	non-rumor	717313	NYC - Boston - Chicago - SF	1	0.0	1.0	1151851.0	1341.0	28175.0	8486.0	124299.0	2007-01-28 01:58:49+00:00	1	
660466342038867969	false	3224780809	Australia	0	0.0	0.0	4341.0	611.0	40.0	3282.0	1475.0	2015-05-24 02:29:13+00:00	1	
656202544331517952	false	8953122	Washington, DC	1	0.0	1.0	690647.0	7919.0	11112.0	4176.0	57134.0	2007-09-18 15:08:32+00:00	1	
727172374999666688	unverified	196168350	Los Angeles/NYC	1	0.0	1.0	1972281.0	1484.0	10794.0	30.0	65622.0	2010-09-28 14:04:51+00:00	1	
647193820812177408	false	15012486	New York, NY	1	0.0	1.0	8410997.0	594.0	55235.0	311.0	326599.0	2008-06-05 00:54:31+00:00	1	
723772395211862016	unverified	16211434	New York, NY	1	0.0	1.0	4279158.0	988.0	14915.0	13812.0	165039.0	2008-09-09 21:16:34+00:00	1	
614607711368519680	true	16374678		1	0.0	1.0	1162389.0	486.0	6303.0	4256.0	253011.0	2008-09-20 04:22:30+00:00	1	
656818921979310081	false	207495308	Global	1	0.0	1.0	79523.0	1677.0	1062.0	6609.0	17638.0	2010-10-25 12:50:54+00:00	1	
647168914955243520	false	54322823	Chicago or on the trail	1	0.0	1.0	24748.0	5356.0	876.0	21330.0	25222.0	2009-07-06 20:30:23+00:00	1	
661251968078221312	false	47862165		0									0	"403 Forbidden
63 - User has been suspended."
690680149164085248	non-rumor	5402612	London, UK	1	0.0	1.0	48971676.0	3.0	144458.0	0.0	37841.0	2007-04-22 14:42:37+00:00	1	
665361505303584774	false	14894013		0									0	"403 Forbidden
63 - User has been suspended."
613294443878305796	false	380285402	New York	1	0.0	1.0	378383.0	1813.0	3340.0	1472.0	274703.0	2011-09-26 11:52:56+00:00	1	
676120162018451456	false	1557315432		0									0	"403 Forbidden
63 - User has been suspended."
665379967757324288	false	43508994	Florida Panhandle	0	0.0	0.0	13367.0	9036.0	159.0	68506.0	552214.0	2009-05-30 09:57:52+00:00	1	
766752508312166402	non-rumor	428333	Everywhere	1	0.0	1.0	62097620.0	120.0	191408.0	27.0	77394.0	2007-01-02 01:48:14+00:00	1	
612741808125120513	false	2377815434		1	0.0	1.0	486522.0	2.0	2085.0	2309.0	43038.0	2014-03-07 23:51:23+00:00	1	
689267711856263168	non-rumor	5402612	London, UK	1	0.0	1.0	48971677.0	3.0	144458.0	0.0	37841.0	2007-04-22 14:42:37+00:00	1	
613023744454475776	false	13850422	Washington, DC	1	0.0	1.0	4278865.0	338.0	21687.0	4.0	210364.0	2008-02-23 03:12:49+00:00	1	
614671961801785344	true	9300262	Washington, D.C.	1	0.0	1.0	4560149.0	1621.0	43369.0	99.0	359756.0	2007-10-08 00:29:38+00:00	1	
675490515748425728	true	251881119	Tangerang, Indonesia	1	0.0	0.0	631696.0	410.0	836.0	21578.0	37818.0	2011-02-14 01:32:17+00:00	1	
740748123581087745	unverified	60113766	New Hampshire	1	0.0	1.0	26887.0	6854.0	870.0	12602.0	237492.0	2009-07-25 18:14:35+00:00	1	
690580180805509121	non-rumor	102700680	Geneva, Switzerland	1	0.0	1.0	852145.0	944.0	5623.0	13515.0	43918.0	2010-01-07 14:55:58+00:00	1	
552984502063337472	true	380648579	France	1	0.0	1.0	2133053.0	605.0	24781.0	2379.0	288522.0	2011-09-27 00:35:10+00:00	1	
650128194209730561	true	807095	New York City	1	0.0	1.0	51683091.0	870.0	213085.0	18840.0	463634.0	2007-03-02 20:41:42+00:00	1	
612841482823729152	false	487600344	Washington, DC	1	0.0	1.0	142581.0	57768.0	1274.0	60081.0	54311.0	2012-02-09 14:55:09+00:00	1	
636925368927064064	false	14294848		1	0.0	1.0	301537.0	91.0	5147.0	338.0	62633.0	2008-04-03 17:00:11+00:00	1	
674015148382666752	false	3332044263		0									0	"403 Forbidden
63 - User has been suspended."
656834590779289600	false	205789121		1	0.0	1.0	412153.0	1452.0	4703.0	2746.0	108385.0	2010-10-21 16:15:10+00:00	1	
681767380305985536	false	972651		1	0.0	1.0	9446883.0	2732.0	118066.0	1792.0	458173.0	2007-03-12 01:28:01+00:00	1	
648310692794109952	false	2425231		0	0.0	0.0	3354426.0	0.0	6118.0	62.0	757478.0	2007-03-27 07:29:54+00:00	1	
524995771587108864	true	88944711	Halifax, Nova Scotia	1	0.0	1.0	57770.0	1209.0	422.0	891.0	8557.0	2009-11-10 15:00:17+00:00	1	
692752491482615808	non-rumor	428333	Everywhere	1	0.0	1.0	62097620.0	120.0	191408.0	27.0	77394.0	2007-01-02 01:48:14+00:00	1	
693502060545703937	non-rumor	1367531	U.S.A.	1	0.0	1.0	20678198.0	263.0	70398.0	2.0	451783.0	2007-03-17 19:01:26+00:00	1	
766789709045518336	unverified	15115280	Los Angeles, CA	1	0.0	1.0	442271.0	109262.0	3165.0	76284.0	169143.0	2008-06-14 07:46:44+00:00	1	
652982112870662144	unverified	14511951		1	0.0	1.0	11353930.0	5599.0	82415.0	1140.0	595007.0	2008-04-24 14:07:28+00:00	1	
693456187036037123	non-rumor	2557521		1	0.0	1.0	39241571.0	398.0	59783.0	2271.0	127507.0	2007-03-27 20:46:16+00:00	1	
692796451987034113	non-rumor	14075928		1	0.0	1.0	11726715.0	5.0	68243.0	3.0	86693.0	2008-03-04 02:48:37+00:00	1	
703234354579898368	unverified	572278319		0	0.0	0.0	155443.0	11363.0	454.0	0.0	78478.0	2012-05-06 03:37:53+00:00	1	
693466451081060353	non-rumor	759251		1	0.0	1.0	56316789.0	1102.0	152014.0	1403.0	366303.0	2007-02-09 00:35:02+00:00	1	
655815788675399680	unverified	2677214379	UK	0	0.0	0.0	30474.0	11.0	53.0	3637.0	4691.0	2014-07-05 23:35:15+00:00	1	
552832817089236992	true	372502604		1	0.0	1.0	33703.0	262.0	1269.0	110.0	44709.0	2011-09-12 22:03:14+00:00	1	
544291965513134080	true	52327900	Sydney, Australia	0	0.0	1.0	59420.0	2043.0	557.0	6463.0	10590.0	2009-06-30 06:46:07+00:00	1	
726190016435728385	unverified	457984599		1	0.0	1.0	1470957.0	110.0	9212.0	887.0	155948.0	2012-01-08 01:50:52+00:00	1	
676870737932742656	false	28785486	New York City / Worldwide	1	0.0	1.0	17117606.0	487.0	64422.0	39.0	376897.0	2009-04-04 12:40:32+00:00	1	
672553813249826816	non-rumor	11350892	NY, NY	1	0.0	1.0	1068131.0	3927.0	8445.0	4540.0	128853.0	2007-12-19 21:40:47+00:00	1	
649881917534433280	true	807095	New York City	1	0.0	1.0	51683093.0	870.0	213085.0	18840.0	463634.0	2007-03-02 20:41:42+00:00	1	
692023855926374400	non-rumor	428333	Everywhere	1	0.0	1.0	62097622.0	120.0	191408.0	27.0	77394.0	2007-01-02 01:48:14+00:00	1	
725174535897620481	unverified	33529092	Texas, USA	1	0.0	0.0	163189.0	34763.0	210.0	89308.0	247971.0	2009-04-20 14:29:59+00:00	1	
688446106943008768	non-rumor	2883841	Hollywood, CA	1	0.0	1.0	11795774.0	111244.0	32793.0	28733.0	289358.0	2007-03-29 19:42:27+00:00	1	
640107106943766528	false	166002047	Washington, DC	1	0.0	1.0	4858.0	1022.0	209.0	2563.0	1245.0	2010-07-13 02:32:19+00:00	1	
748640007934590976	unverified	759251		1	0.0	1.0	56316792.0	1102.0	152014.0	1403.0	366303.0	2007-02-09 00:35:02+00:00	1	
724320681517670400	unverified	1367531	U.S.A.	1	0.0	1.0	20678200.0	263.0	70398.0	2.0	451783.0	2007-03-17 19:01:26+00:00	1	
640644123339431936	false	2319494544		0									0	"403 Forbidden
63 - User has been suspended."
661299012386095105	false	972651		1	0.0	1.0	9446883.0	2732.0	118066.0	1792.0	458173.0	2007-03-12 01:28:01+00:00	1	
613061089518034944	false	256596567	New York, NY	1	0.0	1.0	411836.0	2223.0	892.0	2866.0	76532.0	2011-02-23 17:32:04+00:00	1	
672424512516964352	false	50769180	DC	1	0.0	1.0	3900976.0	421.0	13621.0	4812.0	50322.0	2009-06-25 21:03:25+00:00	1	
628319096606732290	true	5695632	New York	1	0.0	1.0	6329246.0	2918.0	21201.0	9750.0	299690.0	2007-05-01 21:40:03+00:00	1	
524936872666353664	true	19038934	Toronto	1	0.0	1.0	1463976.0	351.0	9348.0	0.0	159839.0	2009-01-15 21:03:19+00:00	1	
673611867181473792	false	131538331	Hell (Washington, D.C.)	1	0.0	1.0	28583.0	2210.0	550.0	6633.0	62594.0	2010-04-10 15:35:15+00:00	1	
673581371458199552	false	80185804	Islamabad, Pakistan	0	0.0	1.0	235485.0	4663.0	876.0	15780.0	51556.0	2009-10-06 01:53:23+00:00	1	
668872645589471232	false	2425231		0	0.0	0.0	3354426.0	0.0	6118.0	62.0	757478.0	2007-03-27 07:29:54+00:00	1	
669613420665159680	false	14294848		1	0.0	1.0	301537.0	91.0	5147.0	338.0	62633.0	2008-04-03 17:00:11+00:00	1	
676718762830221312	false	13049362	New York	1	0.0	1.0	2565916.0	775.0	8387.0	33779.0	372270.0	2008-02-04 14:34:39+00:00	1	
613194145423826944	false	10774652	Dallas, TX	1	0.0	1.0	701919.0	710.0	6466.0	5383.0	146788.0	2007-12-01 22:23:57+00:00	1	
701175292937707520	unverified	13654792	NYC	1	0.0	0.0	5029.0	2814.0	222.0	5504.0	4957.0	2008-02-19 03:13:31+00:00	1	
544289409294553088	true	25036511	London, England	1	0.0	1.0	118867.0	3557.0	2303.0	10500.0	141241.0	2009-03-18 06:02:49+00:00	1	
665575674485211136	false	54769979		0	0.0	0.0	213143.0	224210.0	975.0	939.0	117280.0	2009-07-08 02:31:20+00:00	1	
641191076716417025	false	20652415		0									0	"403 Forbidden
63 - User has been suspended."
682895395077373952	non-rumor	15736190	Freiburg, Germany	1	0.0	1.0	945742.0	2587.0	35896.0	7786.0	79870.0	2008-08-05 14:00:40+00:00	1	
553587303172833280	true	428333	Everywhere	1	0.0	1.0	62097626.0	120.0	191408.0	27.0	77394.0	2007-01-02 01:48:14+00:00	1	
633823543541768192	false	2301512587	WorldWide	0	0.0	0.0	14882.0	0.0	21.0	39.0	8496.0	2014-01-20 14:34:54+00:00	1	
544381485591982083	true	597251143	Sydney, Australia	1	0.0	1.0	12887.0	995.0	207.0	11561.0	25166.0	2012-06-02 09:22:13+00:00	1	
766323684076322816	non-rumor	428333	Everywhere	1	0.0	1.0	62097627.0	120.0	191408.0	27.0	77394.0	2007-01-02 01:48:14+00:00	1	
691608761128067072	non-rumor	14934818	New York, NY	1	0.0	1.0	4288550.0	2532.0	19227.0	5136.0	273299.0	2008-05-28 15:55:24+00:00	1	
614638036593299456	true	2884771	New York, NY	1	0.0	1.0	3483119.0	556.0	37320.0	2590.0	299213.0	2007-03-29 19:51:11+00:00	1	
553587672137334785	true	87416722	London, UK	1	0.0	1.0	4834383.0	3.0	21411.0	0.0	56232.0	2009-11-04 11:25:45+00:00	1	
552811386259386370	true	3108351	New York, NY	1	0.0	1.0	19445317.0	1049.0	123894.0	1152.0	364542.0	2007-04-01 06:22:13+00:00	1	
672828403016429568	false	109065990		0									0	"403 Forbidden
63 - User has been suspended."
604642913188872192	false	1122192223	Everywhere, FL	0	0.0	0.0	363990.0	99.0	2568.0	332.0	2558.0	2013-01-26 14:37:23+00:00	1	
765359928361922560	non-rumor	2884771	New York, NY	1	0.0	1.0	3483118.0	556.0	37321.0	2590.0	299213.0	2007-03-29 19:51:11+00:00	1	 
626739062792032256	false	5695632	New York	1	0.0	1.0	6329246.0	2918.0	21201.0	9750.0	299690.0	2007-05-01 21:40:03+00:00	1	
663722803489808384	false	972651		1	0.0	1.0	9446883.0	2732.0	118066.0	1792.0	458173.0	2007-03-12 01:28:01+00:00	1	
691719802499432448	non-rumor	3646911	London	1	0.0	1.0	593194.0	652.0	6996.0	4800.0	68854.0	2007-04-06 19:02:38+00:00	1	
661120256732041216	false	427772531	Rancho Cucamonga, CA	1	0.0	0.0	17091.0	18807.0	162.0	20668.0	22193.0	2011-12-03 23:30:14+00:00	1	
634404792241143809	false	14075928		1	0.0	1.0	11726718.0	5.0	68243.0	3.0	86693.0	2008-03-04 02:48:37+00:00	1	
524923676484177920	true	42896073	Mostly in 'Murica	1	0.0	1.0	38579.0	4382.0	646.0	5027.0	15887.0	2009-05-27 14:44:20+00:00	1	
665364878287224834	false	594886554	United States	1	0.0	0.0	168180.0	2598.0	1233.0	15023.0	132592.0	2012-05-30 18:34:23+00:00	1	
642027433693171712	false	13850422	Washington, DC	1	0.0	1.0	4278866.0	338.0	21687.0	4.0	210364.0	2008-02-23 03:12:49+00:00	1	
626901072209121282	false	2772991215		0	0.0	0.0	48919.0	0.0	40.0	3.0	753.0	2014-09-17 02:17:43+00:00	1	
692735698349199360	non-rumor	5402612	London, UK	1	0.0	1.0	48971687.0	3.0	144458.0	0.0	37841.0	2007-04-22 14:42:37+00:00	1	
544277117039837184	true	16834659	Sydney, Australia	1	0.0	1.0	586762.0	14909.0	4726.0	1626.0	286202.0	2008-10-18 02:39:23+00:00	1	
663904307113275392	false	2097571	Everywhere	1	0.0	1.0	13169069.0	368.0	46781.0	132.0	270194.0	2007-03-24 10:48:14+00:00	1	
544358533819420672	true	2097571	Everywhere	1	0.0	1.0	13169069.0	368.0	46781.0	132.0	270194.0	2007-03-24 10:48:14+00:00	1	
693528374996652032	non-rumor	1367531	U.S.A.	1	0.0	1.0	20678207.0	263.0	70398.0	2.0	451783.0	2007-03-17 19:01:26+00:00	1	
724703995147751424	unverified	15754281	USA TODAY HQ, McLean, Va.	1	0.0	1.0	4575910.0	903.0	36696.0	3048.0	369128.0	2008-08-06 19:55:31+00:00	1	
759460236042305536	unverified	18511475		0									0	"403 Forbidden
63 - User has been suspended."
524965775036387329	true	171606833	Toronto, Ontario	1	0.0	1.0	27544.0	1516.0	188.0	38980.0	22032.0	2010-07-27 19:01:36+00:00	1	
673346166822694914	false	102325442		0									0	"403 Forbidden
63 - User has been suspended."
525025463648137216	true	19636948	Toronto	1	0.0	1.0	2117988.0	380.0	6960.0	3.0	221125.0	2009-01-28 04:56:13+00:00	1	
723521076446142465	unverified	18565988	Youtube: Kandee Johnson	1	0.0	1.0	721493.0	1234.0	1744.0	28744.0	27557.0	2009-01-02 22:29:07+00:00	1	
672488384695279616	false	537904539	 Lower side of the States	0	0.0	0.0	45967.0	45474.0	133.0	59456.0	112316.0	2012-03-27 03:44:17+00:00	1	
642145732435292160	false	759251		1	0.0	1.0	56316804.0	1102.0	152014.0	1403.0	366303.0	2007-02-09 00:35:02+00:00	1	
757748522481491968	unverified	393190233		0									0	"403 Forbidden
63 - User has been suspended."
716439952922312704	unverified	3337804853	United States	1	0.0	0.0	53701.0	1916.0	414.0	8398.0	67798.0	2015-06-20 22:22:55+00:00	1	
614604580601597953	true	1917731	Washington, DC	1	0.0	1.0	4309556.0	290.0	28954.0	13.0	987109.0	2007-03-22 18:15:18+00:00	1	
643225207705075716	false	3300205033	Oklahoma, USA	0	0.0	0.0	8378.0	3766.0	105.0	11037.0	69495.0	2015-07-29 04:38:43+00:00	1	
654351281260113920	false	2149913492	Ashland, OR, Bend, OR, Tahoe, CA	1	0.0	0.0	26.0	59.0	0.0	53.0	35.0	2013-10-22 23:54:44+00:00	1	
692540218310803456	non-rumor	428333	Everywhere	1	0.0	1.0	62097630.0	120.0	191408.0	27.0	77394.0	2007-01-02 01:48:14+00:00	1	
661102820976930816	false	247399641		1	0.0	0.0	85917.0	10.0	729.0	32.0	229667.0	2011-02-04 18:27:30+00:00	1	
693061713042771968	non-rumor	742143	London, UK	1	0.0	1.0	34574932.0	18.0	128168.0	1.0	342142.0	2007-02-01 07:44:29+00:00	1	
544518335019229184	true	491960101	Australia	1	0.0	0.0	8032.0	2746.0	258.0	8580.0	71876.0	2012-02-14 06:18:22+00:00	1	
614624331717545984	true	97474887	Washington, DC	1	0.0	1.0	472856.0	1774.0	4473.0	47247.0	120726.0	2009-12-17 16:22:36+00:00	1	
615840865815298048	true	3022045469		0									0	"403 Forbidden
63 - User has been suspended."
645356735545364480	false	3098760325		0	0.0	0.0	9976.0	37.0	2.0	855.0	183.0	2015-03-20 03:53:59+00:00	1	
693651239486263296	non-rumor	428333	Everywhere	1	0.0	1.0	62097633.0	120.0	191408.0	27.0	77394.0	2007-01-02 01:48:14+00:00	1	
544274934835707905	true	742143	London, UK	1	0.0	1.0	34574933.0	18.0	128168.0	1.0	342142.0	2007-02-01 07:44:29+00:00	1	
655080266784968705	false	759251		1	0.0	1.0	56316807.0	1102.0	152014.0	1403.0	366303.0	2007-02-09 00:35:02+00:00	1	
743058135300988932	unverified	708522042		0									0	"403 Forbidden
63 - User has been suspended."
658462819667615744	false	32359921		0									0	"404 Not Found
50 - User not found."
614617234942656512	true	17004618	Yamhill, Oregon	1	0.0	1.0	2006592.0	3163.0	21688.0	284.0	50671.0	2008-10-27 19:14:53+00:00	1	
778949749156245504	unverified	1137881	Miami Beach, FL	1	0.0	1.0	11608.0	2633.0	208.0	86483.0	16195.0	2007-03-14 04:22:39+00:00	1	
715255507506892800	unverified	8839632	New York	1	0.0	1.0	1045444.0	510.0	10772.0	2027.0	184996.0	2007-09-12 19:19:22+00:00	1	
544271362022338560	true	109234928	Sydney, NSW	0	0.0	1.0	2803.0	1682.0	75.0	302.0	4939.0	2010-01-28 11:36:46+00:00	1	
693321561542127616	non-rumor	428333	Everywhere	1	0.0	1.0	62097633.0	120.0	191408.0	27.0	77394.0	2007-01-02 01:48:14+00:00	1	
692082592380751874	non-rumor	2367911	NYC	1	0.0	1.0	17160864.0	30211.0	27748.0	21337.0	305998.0	2007-03-26 22:30:49+00:00	1	
552793679082311680	true	16343974	London, UK	1	0.0	1.0	3159407.0	862.0	20177.0	369.0	467541.0	2008-09-18 06:50:54+00:00	1	
693129259334909952	non-rumor	14075928		1	0.0	1.0	11726685.0	5.0	68243.0	3.0	86693.0	2008-03-04 02:48:37+00:00	1	
648993731169939456	unverified	13049362	New York	1	0.0	1.0	2565916.0	775.0	8387.0	33779.0	372270.0	2008-02-04 14:34:39+00:00	1	
693893182338289664	non-rumor	2367911	NYC	1	0.0	1.0	17160864.0	30211.0	27748.0	21337.0	305998.0	2007-03-26 22:30:49+00:00	1	
676955015265837056	non-rumor	5741722	Washington, DC	1	0.0	1.0	3049560.0	95299.0	32018.0	2360.0	103672.0	2007-05-03 14:45:05+00:00	1	
651786568592658433	unverified	107117835	New York, NY	1	0.0	1.0	13258.0	219.0	186.0	29.0	11313.0	2010-01-21 16:10:38+00:00	1	
544319274072817664	true	25777812	"Sydney
"	1	0.0	1.0	24663.0	398.0	347.0	25114.0	5263.0	2009-03-22 04:01:04+00:00	1	
640182854928961536	unverified	16973333	London, England	1	0.0	1.0	3669760.0	399.0	26011.0	55.0	1228905.0	2008-10-26 00:00:29+00:00	1	
727588444000526336	unverified	14669951	US	0	0.0	0.0	1064560.0	438.0	17050.0	2061.0	139163.0	2008-05-06 05:34:47+00:00	1	
628681462976528384	true	15012486	New York, NY	1	0.0	1.0	8411005.0	594.0	55235.0	311.0	326599.0	2008-06-05 00:54:31+00:00	1	
724044187113512960	unverified	16211434	New York, NY	1	0.0	1.0	4279159.0	988.0	14915.0	13812.0	165039.0	2008-09-09 21:16:34+00:00	1	
650037735579910145	true	16929520	New York, NY	1	0.0	1.0	260605.0	420.0	2115.0	469.0	18084.0	2008-10-23 16:15:38+00:00	1	
544289941996326912	true	9609632	Sydney, Australia	1	0.0	1.0	787329.0	557.0	6089.0	557.0	261682.0	2007-10-22 23:57:33+00:00	1	
649974380416618496	true	1652541	Around the world	1	0.0	1.0	24306412.0	1200.0	131211.0	755.0	820062.0	2007-03-20 17:46:05+00:00	1	
688428083540553728	non-rumor	14934818	New York, NY	1	0.0	1.0	4288550.0	2532.0	19227.0	5136.0	273299.0	2008-05-28 15:55:24+00:00	1	
701975210044497921	unverified	150135224	Phoenix, AZ	1	0.0	1.0	54028.0	3681.0	679.0	11055.0	29088.0	2010-05-31 05:07:35+00:00	1	
692826642583019521	non-rumor	8936082		1	0.0	1.0	560134.0	730.0	10714.0	123.0	63257.0	2007-09-17 18:47:34+00:00	1	
654343805081157633	false	434655422	Pittsburgh, PA	0	0.0	0.0	52.0	39.0	1.0	364.0	9.0	2011-12-12 04:25:00+00:00	1	
742055437932040193	unverified	358545917	Orange County, California	1	0.0	1.0	832190.0	3190.0	5381.0	81785.0	170291.0	2011-08-20 03:02:29+00:00	1	
616481759329427456	true	972651		1	0.0	1.0	9446883.0	2732.0	118066.0	1792.0	458173.0	2007-03-12 01:28:01+00:00	1	
613114185505996802	false	51241574	Global	1	0.0	1.0	15497848.0	6844.0	102823.0	3805.0	311822.0	2009-06-26 21:48:52+00:00	1	
552785375161499649	true	16973333	London, England	1	0.0	1.0	3669760.0	399.0	26011.0	55.0	1228905.0	2008-10-26 00:00:29+00:00	1	
697992796565741569	unverified	213291472	Washington DC & Planes	0	0.0	0.0	1136.0	426.0	32.0	65.0	744.0	2010-11-08 14:33:27+00:00	1	
714577521992343552	unverified	198746638	Los Angeles	0	0.0	0.0	8732.0	937.0	221.0	19610.0	52480.0	2010-10-05 03:45:58+00:00	1	
760120409429643266	unverified	44945327		1	0.0	1.0	2401611.0	111.0	2958.0	289.0	18630.0	2009-06-05 17:29:55+00:00	1	
692368829368918017	non-rumor	5402612	London, UK	1	0.0	1.0	48971692.0	3.0	144458.0	0.0	37841.0	2007-04-22 14:42:37+00:00	1	
672180526946656256	false	1767741	From Sea to Shining Sea	1	0.0	1.0	85323.0	723.0	2844.0	1957.0	235374.0	2007-03-21 16:48:44+00:00	1	
687409983139495939	non-rumor	8936082		1	0.0	1.0	560140.0	730.0	10715.0	123.0	63257.0	2007-09-17 18:47:34+00:00	1	
767092161716350980	non-rumor	428333	Everywhere	1	0.0	1.0	62097635.0	120.0	191408.0	27.0	77394.0	2007-01-02 01:48:14+00:00	1	
693857080193761285	non-rumor	28785486	New York City / Worldwide	1	0.0	1.0	17117610.0	487.0	64422.0	39.0	376897.0	2009-04-04 12:40:32+00:00	1	
623818627054206977	false	343051698		0									0	"403 Forbidden
63 - User has been suspended."
757450526153900032	unverified	786764		1	0.0	1.0	478562.0	636.0	5568.0	2940.0	163672.0	2007-02-21 17:36:40+00:00	1	
728631482722308096	unverified	462104542	Texas	1	0.0	1.0	552028.0	2271.0	2913.0	9992.0	109424.0	2012-01-12 15:30:41+00:00	1	
693402634011701248	non-rumor	14800270		1	0.0	1.0	5749178.0	216.0	51411.0	196.0	105560.0	2008-05-16 15:50:47+00:00	1	
667465205258051584	false	893856362	Gamecock Country, SC	0	0.0	0.0	53846.0	44882.0	208.0	33655.0	7453.0	2012-10-20 19:14:10+00:00	1	
524925215235911680	true	8736882	Canada	1	0.0	1.0	1951323.0	981.0	14394.0	1871.0	564979.0	2007-09-08 00:46:45+00:00	1	
525028734991343617	true	19636948	Toronto	1	0.0	1.0	2117988.0	380.0	6960.0	3.0	221125.0	2009-01-28 04:56:13+00:00	1	
647169726158925824	false	13850422	Washington, DC	1	0.0	1.0	4278867.0	338.0	21687.0	4.0	210364.0	2008-02-23 03:12:49+00:00	1	
780436430732525569	unverified	18013279	patreon.com/marijuanamoment	1	0.0	1.0	47395.0	896.0	637.0	2301.0	44268.0	2008-12-10 05:37:51+00:00	1	
723915846985342976	unverified	16211434	New York, NY	1	0.0	1.0	4279159.0	988.0	14915.0	13812.0	165039.0	2008-09-09 21:16:34+00:00	1	
631388553801564160	false	2837996969	all over the world	1	0.0	0.0	47056.0	22204.0	98.0	3330.0	38767.0	2014-10-20 11:15:09+00:00	1	
656811196218286080	false	205789121		1	0.0	1.0	412153.0	1452.0	4703.0	2746.0	108385.0	2010-10-21 16:15:10+00:00	1	
674358835675549696	true	14780915	New York, New York	1	0.0	1.0	6341424.0	419.0	35632.0	543.0	164960.0	2008-05-15 02:52:27+00:00	1	
766541461189832704	non-rumor	5402612	London, UK	1	0.0	1.0	48971694.0	3.0	144457.0	0.0	37841.0	2007-04-22 14:42:37+00:00	1	
616765822095261700	true	17471979	Global	1	0.0	1.0	27075573.0	185.0	64835.0	7650.0	65009.0	2008-11-18 21:28:10+00:00	1	
693857551620968448	non-rumor	2883841	Hollywood, CA	1	0.0	1.0	11795774.0	111244.0	32793.0	28733.0	289358.0	2007-03-29 19:42:27+00:00	1	
614610364702044164	true	9300262	Washington, D.C.	1	0.0	1.0	4560149.0	1621.0	43369.0	99.0	359756.0	2007-10-08 00:29:38+00:00	1	
693648675772436480	non-rumor	20012204		1	0.0	1.0	2127468.0	1157.0	11006.0	2384.0	236569.0	2009-02-03 23:07:13+00:00	1	
524932935137628160	true	22872643	Los Angeles, CA via Edmonton	1	0.0	1.0	809164.0	1101.0	9722.0	33171.0	1462.0	2009-03-05 03:24:25+00:00	1	
640967537178472448	true	17525171	Los Angeles, CA	1	0.0	1.0	2693499.0	242007.0	18277.0	1524.0	362164.0	2008-11-20 23:02:29+00:00	1	
692884886374318081	non-rumor	2557521		1	0.0	1.0	39241590.0	398.0	59783.0	2271.0	127507.0	2007-03-27 20:46:16+00:00	1	
614595106906226688	true	22077368	Washington, D.C.	1	0.0	1.0	7381.0	1620.0	412.0	9815.0	32765.0	2009-02-26 23:13:11+00:00	1	
693181857261719553	non-rumor	2557521		1	0.0	1.0	39241591.0	398.0	59783.0	2271.0	127507.0	2007-03-27 20:46:16+00:00	1	
693200309955469312	non-rumor	14780915	New York, New York	1	0.0	1.0	6341424.0	419.0	35632.0	543.0	164960.0	2008-05-15 02:52:27+00:00	1	
525049639016615937	true	63105173		1	0.0	1.0	23688.0	149.0	195.0	9115.0	24198.0	2009-08-05 11:25:50+00:00	1	
755475529294352385	unverified	3272284375		0									0	"403 Forbidden
63 - User has been suspended."
692516224245235712	non-rumor	30313925	Washington, DC	1	0.0	1.0	12301324.0	227.0	56350.0	0.0	28250.0	2009-04-10 21:10:30+00:00	1	
707604196812591104	unverified	292777349		0									0	"403 Forbidden
63 - User has been suspended."
614790312955904000	true	14293310		1	0.0	1.0	18602735.0	509.0	104936.0	573.0	387702.0	2008-04-03 13:54:30+00:00	1	
765739657908850688	unverified	377778216		0	0.0	1.0	58140.0	1597.0	1124.0	6582.0	69487.0	2011-09-22 02:57:50+00:00	1	
687748306571804672	non-rumor	2883841	Hollywood, CA	1	0.0	1.0	11795774.0	111244.0	32793.0	28733.0	289358.0	2007-03-29 19:42:27+00:00	1	
544520273718812672	true	100629223		1	0.0	1.0	65679.0	1032.0	132.0	27989.0	40060.0	2009-12-30 23:59:26+00:00	1	
748558349139058688	unverified	272114651	Ponte Vedra Beach, FL	1	0.0	0.0	79023.0	5043.0	453.0	165592.0	153558.0	2011-03-25 21:30:12+00:00	1	
544350712365207552	true	9235982	Sydney, Australia	1	0.0	1.0	211991.0	14149.0	2633.0	2609.0	245080.0	2007-10-04 02:41:59+00:00	1	
688741019979001856	non-rumor	5402612	London, UK	1	0.0	1.0	48971695.0	3.0	144457.0	0.0	37841.0	2007-04-22 14:42:37+00:00	1	
614702244001382400	true	9300262	Washington, D.C.	1	0.0	1.0	4560149.0	1621.0	43369.0	99.0	359756.0	2007-10-08 00:29:38+00:00	1	
693641113693884416	non-rumor	2557521		1	0.0	1.0	39241593.0	398.0	59783.0	2271.0	127507.0	2007-03-27 20:46:16+00:00	1	
767861179951648768	non-rumor	1367531	U.S.A.	1	0.0	1.0	20678210.0	263.0	70398.0	2.0	451783.0	2007-03-17 19:01:26+00:00	1	
524925987239120897	true	74186967	Ottawa	1	0.0	1.0	240972.0	313.0	3320.0	18.0	62062.0	2009-09-14 15:51:18+00:00	1	
666335363099660288	non-rumor	15108702		0									0	"404 Not Found
50 - User not found."
692550140754841603	non-rumor	2557521		1	0.0	1.0	39241594.0	398.0	59783.0	2271.0	127507.0	2007-03-27 20:46:16+00:00	1	
688755462783782912	non-rumor	30313925	Washington, DC	1	0.0	1.0	12301324.0	227.0	56350.0	0.0	28250.0	2009-04-10 21:10:30+00:00	1	
676491949524713473	non-rumor	11350892	NY, NY	1	0.0	1.0	1068133.0	3927.0	8445.0	4540.0	128853.0	2007-12-19 21:40:47+00:00	1	
693939356390653952	non-rumor	2557521		1	0.0	1.0	39241594.0	398.0	59783.0	2271.0	127507.0	2007-03-27 20:46:16+00:00	1	
649584608560832513	unverified	143145579	United Kingdom	1	0.0	1.0	246625.0	1233.0	2113.0	24894.0	163106.0	2010-05-12 18:23:04+00:00	1	
707321278135463936	unverified	15553222	New York	1	0.0	1.0	248839.0	2526.0	5143.0	14101.0	188006.0	2008-07-23 02:17:36+00:00	1	
716448280201269248	unverified	4541374877		0	0.0	0.0	8134.0	3924.0	72.0	5940.0	3495.0	2015-12-20 01:54:32+00:00	1	
525019752507658240	true	2779009591		0									0	"404 Not Found
50 - User not found."
745365403237376000	unverified	56300259		0									0	"403 Forbidden
63 - User has been suspended."
690106189951139840	non-rumor	5402612	London, UK	1	0.0	1.0	48971698.0	3.0	144457.0	0.0	37841.0	2007-04-22 14:42:37+00:00	1	
767698691205410816	non-rumor	1367531	U.S.A.	1	0.0	1.0	20678210.0	263.0	70398.0	2.0	451783.0	2007-03-17 19:01:26+00:00	1	
614620298877513729	true	28785486	New York City / Worldwide	1	0.0	1.0	17117611.0	487.0	64422.0	39.0	376897.0	2009-04-04 12:40:32+00:00	1	
654336219447472128	unverified	1734519186		1	0.0	0.0	12007.0	360.0	38.0	1083.0	3023.0	2013-09-06 09:15:05+00:00	1	
552791578893619200	true	87818409	London	1	0.0	1.0	10173853.0	1064.0	67964.0	141.0	730589.0	2009-11-05 23:49:19+00:00	1	
614599587362414592	true	67958182	Austin, Texas	1	0.0	1.0	26463.0	4544.0	924.0	11663.0	114318.0	2009-08-22 19:07:05+00:00	1	
701872343736520704	unverified	216776631	Vermont	1	0.0	1.0	15464280.0	1473.0	24043.0	952.0	20461.0	2010-11-17 17:53:52+00:00	1	
693571567377342466	non-rumor	28785486	New York City / Worldwide	1	0.0	1.0	17117611.0	487.0	64422.0	39.0	376897.0	2009-04-04 12:40:32+00:00	1	
649889459836710912	true	807095	New York City	1	0.0	1.0	51683115.0	870.0	213084.0	18840.0	463634.0	2007-03-02 20:41:42+00:00	1	
763430916236640256	unverified	4855687055		0	0.0	0.0	9464.0	3340.0	3.0	208300.0	181379.0	2016-01-28 01:43:08+00:00	1	
688366079396163584	non-rumor	5402612	London, UK	1	0.0	1.0	48971698.0	3.0	144457.0	0.0	37841.0	2007-04-22 14:42:37+00:00	1	
524980744658382848	true	19038934	Toronto	1	0.0	1.0	1463977.0	351.0	9348.0	0.0	159839.0	2009-01-15 21:03:19+00:00	1	
711994705333112832	unverified	19063323	London	1	0.0	1.0	903441.0	3379.0	14308.0	4101.0	248294.0	2009-01-16 11:52:57+00:00	1	
544352727971954690	true	6017542	NYC, LA, London	1	0.0	1.0	9650245.0	542.0	84188.0	6.0	106870.0	2007-05-13 23:06:45+00:00	1	
765779159176077312	non-rumor	5402612	London, UK	1	0.0	1.0	48977053.0	3.0	144448.0	0.0	37841.0	2007-04-22 14:42:37+00:00	1	
690969315470868480	non-rumor	6017542	NYC, LA, London	1	0.0	1.0	9650245.0	542.0	84188.0	6.0	106870.0	2007-05-13 23:06:45+00:00	1	
705093513076015104	unverified	292777349		0									0	"403 Forbidden
63 - User has been suspended."
755523157700648960	unverified	3293118434	Southern California 	0	0.0	0.0	94326.0	1673.0	41.0	87642.0	112024.0	2015-07-25 16:33:48+00:00	1	
742678930516123650	unverified	24923175		0									0	"403 Forbidden
63 - User has been suspended."
614594259900080128	true	1917731	Washington, DC	1	0.0	1.0	4309547.0	290.0	28952.0	13.0	987109.0	2007-03-22 18:15:18+00:00	1	
614614133410033664	true	14173315	New York, NY	1	0.0	1.0	8835640.0	1858.0	49558.0	780.0	331041.0	2008-03-18 23:19:17+00:00	1	
544278335455776769	true	380648579	France	1	0.0	1.0	2133059.0	605.0	24781.0	2379.0	288522.0	2011-09-27 00:35:10+00:00	1	
665309822208729088	non-rumor	15108702		0									0	"404 Not Found
50 - User not found."
732971411157880832	unverified	84014340	Vero Beach, Florida	0	1.0	0.0	52062.0	31041.0	848.0	18882.0	21565.0	2009-10-21 06:09:26+00:00	1	
693466724822323200	non-rumor	15012486	New York, NY	1	0.0	1.0	8411006.0	594.0	55235.0	311.0	326599.0	2008-06-05 00:54:31+00:00	1	
651018580989972480	true	17697300	Earth	1	0.0	0.0	91623.0	3958.0	1440.0	18337.0	72016.0	2008-11-28 03:05:57+00:00	1	
727982226290442240	unverified	19091173	United States	1	0.0	1.0	1423605.0	2590.0	5436.0	927.0	1426.0	2009-01-16 23:00:21+00:00	1	
667073349974102017	true	241056520	USA	1	0.0	0.0	17227.0	723.0	574.0	509.0	4762.0	2011-01-21 10:37:17+00:00	1	
524922729485848576	true	44685373	Toronto	0	0.0	1.0	2231.0	2283.0	115.0	104334.0	783.0	2009-06-04 18:42:30+00:00	1	
668849913678209024	true	14294848		1	0.0	1.0	301537.0	91.0	5147.0	338.0	62633.0	2008-04-03 17:00:11+00:00	1	
692743102432346113	non-rumor	14669951	US	0	0.0	0.0	1064560.0	438.0	17050.0	2061.0	139163.0	2008-05-06 05:34:47+00:00	1	
778299287293816832	unverified	727472528		0									0	"404 Not Found
50 - User not found."
714503380476026880	unverified	19310250	National Review Columnist	1	0.0	1.0	14543.0	176.0	247.0	28.0	22959.0	2009-01-21 21:50:01+00:00	1	
689915847939219456	non-rumor	30313925	Washington, DC	1	0.0	1.0	12301324.0	227.0	56350.0	0.0	28250.0	2009-04-10 21:10:30+00:00	1	
728625967921401856	unverified	10168082	Washington, DC	1	0.0	1.0	626782.0	25952.0	10183.0	9281.0	111631.0	2007-11-12 01:50:27+00:00	1	
524925050739490816	true	6433472	Canada	1	0.0	1.0	3256508.0	1296.0	15657.0	5963.0	260126.0	2007-05-30 05:20:39+00:00	1	
628336948810268673	true	770352762	New York, NY	1	0.0	1.0	303859.0	1080.0	1206.0	13771.0	45243.0	2012-08-20 22:38:44+00:00	1	
689890946683576322	non-rumor	30313925	Washington, DC	1	0.0	1.0	12301323.0	227.0	56350.0	0.0	28250.0	2009-04-10 21:10:30+00:00	1	
767459987476054016	non-rumor	2557521		1	0.0	1.0	39241597.0	398.0	59783.0	2271.0	127507.0	2007-03-27 20:46:16+00:00	1	
767203096472719364	non-rumor	2557521		1	0.0	1.0	39241606.0	398.0	59785.0	2271.0	127507.0	2007-03-27 20:46:16+00:00	1	
689641419825242112	non-rumor	30313925	Washington, DC	1	0.0	1.0	12301323.0	227.0	56350.0	0.0	28250.0	2009-04-10 21:10:30+00:00	1	
692393375891361794	non-rumor	30313925	Washington, DC	1	0.0	1.0	12301323.0	227.0	56350.0	0.0	28250.0	2009-04-10 21:10:30+00:00	1	
552783667052167168	true	25067168	Europe	1	0.0	1.0	491534.0	1108.0	8644.0	3229.0	157563.0	2009-03-18 12:57:11+00:00	1	
552834961762709505	true	64643056		1	0.0	1.0	2966749.0	700.0	20821.0	2147.0	414674.0	2009-08-11 06:12:45+00:00	1	
716416753409081344	unverified	78569026	USA	0	0.0	0.0	49961.0	26575.0	1704.0	3514.0	64889.0	2009-09-30 10:35:51+00:00	1	
707420972173955072	unverified	17469289	New York, NY	1	0.0	1.0	2425992.0	11032.0	20333.0	1936.0	452456.0	2008-11-18 19:46:36+00:00	1	
780882510645370880	unverified	7900962	San Francisco	1	0.0	1.0	184644.0	2478.0	2598.0	24200.0	17699.0	2007-08-02 06:21:38+00:00	1	
553160652567498752	true	28785486	New York City / Worldwide	1	0.0	1.0	17117610.0	487.0	64422.0	39.0	376897.0	2009-04-04 12:40:32+00:00	1	
544268732046913536	true	16834659	Sydney, Australia	1	0.0	1.0	586762.0	14909.0	4726.0	1626.0	286202.0	2008-10-18 02:39:23+00:00	1	
767855091109863424	non-rumor	1367531	U.S.A.	1	0.0	1.0	20678213.0	263.0	70398.0	2.0	451783.0	2007-03-17 19:01:26+00:00	1	
692911086920667136	non-rumor	2557521		1	0.0	1.0	39241599.0	398.0	59783.0	2271.0	127507.0	2007-03-27 20:46:16+00:00	1	
544282005941530624	true	17469289	New York, NY	1	0.0	1.0	2425992.0	11032.0	20333.0	1936.0	452456.0	2008-11-18 19:46:36+00:00	1	
614609560658161664	true	16311797	Washington, D.C.	1	0.0	1.0	149221.0	270.0	4106.0	722.0	159746.0	2008-09-16 15:19:44+00:00	1	
580348081100734464	true	5402612	London, UK	1	0.0	1.0	48971703.0	3.0	144457.0	0.0	37841.0	2007-04-22 14:42:37+00:00	1	
723504069814444033	unverified	111556701		1	0.0	1.0	370505.0	946.0	2188.0	2543.0	227227.0	2010-02-05 10:20:03+00:00	1	
553586860334010368	true	1299769218	London	1	0.0	1.0	542097.0	343.0	1612.0	37682.0	80461.0	2013-03-25 14:48:58+00:00	1	
640118021101604864	unverified	20562637	New York, NY	1	0.0	1.0	3602204.0	415.0	34990.0	2077.0	705312.0	2009-02-11 01:18:18+00:00	1	
688751061503442944	non-rumor	30313925	Washington, DC	1	0.0	1.0	12301323.0	227.0	56350.0	0.0	28250.0	2009-04-10 21:10:30+00:00	1	
778530869208190976	unverified	4826510725	USA	0	0.0	0.0	8109.0	3172.0	85.0	25415.0	35754.0	2016-01-28 17:34:46+00:00	1	
544291804057960448	true	423662810		0									0	"403 Forbidden
63 - User has been suspended."
688004802245214208	non-rumor	8936082		1	0.0	1.0	560140.0	730.0	10715.0	123.0	63257.0	2007-09-17 18:47:34+00:00	1	
743126914794037248	unverified	1647857366		1	0.0	0.0	27701.0	5.0	25.0	3046.0	17187.0	2013-08-05 13:52:07+00:00	1	
653432177632387072	unverified	2883841	Hollywood, CA	1	0.0	1.0	11795775.0	111244.0	32793.0	28733.0	289358.0	2007-03-29 19:42:27+00:00	1	
628604055644934144	true	115245884	New York City	1	0.0	1.0	9450.0	954.0	121.0	30790.0	4435.0	2010-02-18 02:24:58+00:00	1	
692163879909064704	non-rumor	2367911	NYC	1	0.0	1.0	17160864.0	30211.0	27748.0	21337.0	305998.0	2007-03-26 22:30:49+00:00	1	
728273551883534336	unverified	1406346067		0	0.0	0.0	220132.0	15.0	94.0	340.0	7412.0	2013-05-05 23:36:00+00:00	1	
524942470472548352	true	19881665		0									0	"404 Not Found
50 - User not found."
552792544132997121	true	16973333	London, England	1	0.0	1.0	3669761.0	399.0	26011.0	55.0	1228906.0	2008-10-26 00:00:29+00:00	1	
727834854931435522	unverified	26487169	New York, NY	1	0.0	1.0	2171846.0	2009.0	5292.0	20119.0	38178.0	2009-03-25 12:39:59+00:00	1	
544289311504355328	true	74361628	London	1	0.0	1.0	23402.0	1638.0	638.0	1629.0	19979.0	2009-09-15 04:10:18+00:00	1	
614494460747997184	true	1901273544		0									0	"403 Forbidden
63 - User has been suspended."
615592870540488704	true	366355851		1	0.0	0.0	428194.0	5.0	213.0	5584.0	11511.0	2011-09-02 01:18:07+00:00	1	
689661418484994049	non-rumor	14934818	New York, NY	1	0.0	1.0	4288551.0	2532.0	19227.0	5136.0	273299.0	2008-05-28 15:55:24+00:00	1	
724603564946010112	unverified	457984599		1	0.0	1.0	1470957.0	110.0	9212.0	887.0	155948.0	2012-01-08 01:50:52+00:00	1	
714598318333042688	unverified	32652567	Mostly Seattle	1	0.0	1.0	73186.0	1456.0	1422.0	36423.0	22382.0	2009-04-17 23:17:55+00:00	1	
656848877463560192	non-rumor	13784322	Chicago, USA	1	0.0	1.0	209886.0	229.0	4379.0	1899.0	7858.0	2008-02-21 19:29:43+00:00	1	
692157602554343424	non-rumor	2367911	NYC	1	0.0	1.0	17160864.0	30211.0	27748.0	21337.0	305998.0	2007-03-26 22:30:49+00:00	1	
765735409984806912	unverified	15359578	Washington, DC	0	0.0	1.0	119132.0	6943.0	2172.0	10183.0	36752.0	2008-07-08 23:28:08+00:00	1	
614610102927147008	true	249293918	New York	1	0.0	0.0	44312.0	626.0	1042.0	19016.0	23971.0	2011-02-08 19:15:52+00:00	1	
614650850393391104	true	1137638220	United States	1	0.0	0.0	13835.0	3725.0	190.0	11875.0	20083.0	2013-01-31 18:51:28+00:00	1	
614648099542204416	true	2884771	New York, NY	1	0.0	1.0	3483122.0	556.0	37320.0	2590.0	299213.0	2007-03-29 19:51:11+00:00	1	
544514564407427072	true	1960878613	Sydney	1	0.0	1.0	26090.0	665.0	453.0	272.0	85790.0	2013-10-14 15:02:11+00:00	1	
707305999971921920	unverified	1618641848		0									0	"403 Forbidden
63 - User has been suspended."
644329878876237824	non-rumor	116559622		0									0	"404 Not Found
50 - User not found."
553566026030272512	true	28785486	New York City / Worldwide	1	0.0	1.0	17117613.0	487.0	64422.0	39.0	376897.0	2009-04-04 12:40:32+00:00	1	
715253497462145024	unverified	8839632	New York	1	0.0	1.0	1045445.0	510.0	10772.0	2027.0	184996.0	2007-09-12 19:19:22+00:00	1	
693804277031157761	non-rumor	2557521		1	0.0	1.0	39241606.0	398.0	59783.0	2271.0	127507.0	2007-03-27 20:46:16+00:00	1	
715268937873760256	unverified	14511951		1	0.0	1.0	11353930.0	5599.0	82415.0	1140.0	595008.0	2008-04-24 14:07:28+00:00	1	
763964234774347776	non-rumor	16184358	Global	1	0.0	1.0	1871842.0	953.0	21214.0	289.0	189082.0	2008-09-08 13:44:47+00:00	1	
614616994499788800	true	288215711		0									0	"403 Forbidden
63 - User has been suspended."
693185853867294721	non-rumor	759251		1	0.0	1.0	56316831.0	1102.0	152014.0	1403.0	366303.0	2007-02-09 00:35:02+00:00	1	
553506608203169792	true	5402612	London, UK	1	0.0	1.0	48971706.0	3.0	144457.0	0.0	37841.0	2007-04-22 14:42:37+00:00	1	
751856580874960897	unverified	198286584		0									0	"404 Not Found
50 - User not found."
712223438698627073	unverified	19063323	London	1	0.0	1.0	903441.0	3379.0	14308.0	4101.0	248294.0	2009-01-16 11:52:57+00:00	1	
707405809181917184	unverified	1917731	Washington, DC	1	0.0	1.0	4309556.0	290.0	28954.0	13.0	987109.0	2007-03-22 18:15:18+00:00	1	
693013768738115584	non-rumor	5402612	London, UK	1	0.0	1.0	48971707.0	3.0	144457.0	0.0	37841.0	2007-04-22 14:42:37+00:00	1	
744390771869102080	unverified	358545917	Orange County, California	1	0.0	1.0	832190.0	3190.0	5381.0	81785.0	170291.0	2011-08-20 03:02:29+00:00	1	
524959809402331137	true	428333	Everywhere	1	0.0	1.0	62097644.0	120.0	191408.0	27.0	77394.0	2007-01-02 01:48:14+00:00	1	
778689027918618625	unverified	5392522		1	0.0	1.0	8863365.0	68180.0	69974.0	2731.0	227017.0	2007-04-22 05:10:15+00:00	1	
707412869860696064	unverified	1917731	Washington, DC	1	0.0	1.0	4309556.0	290.0	28954.0	13.0	987109.0	2007-03-22 18:15:18+00:00	1	
650710483289419776	unverified	471022109		0									0	"403 Forbidden
63 - User has been suspended."
656523458139045889	unverified	1340299952	Greater Manchester	1	0.0	0.0	5678.0	0.0	8.0	127.0	431.0	2013-04-09 21:41:07+00:00	1	
693135382309896192	non-rumor	1652541	Around the world	1	0.0	1.0	24306437.0	1200.0	131211.0	755.0	820062.0	2007-03-20 17:46:05+00:00	1	
623533663947517952	true	11616202	NoVa	1	0.0	1.0	35954.0	1781.0	852.0	25787.0	1233.0	2007-12-29 00:35:13+00:00	1	
692833140428017664	non-rumor	2557521		1	0.0	1.0	39241607.0	398.0	59783.0	2271.0	127507.0	2007-03-27 20:46:16+00:00	1	
614599815280857088	true	42958829	üì∫ 6:30 p.m. ET	1	0.0	1.0	365375.0	1640.0	4442.0	2654.0	134395.0	2009-05-27 20:08:03+00:00	1	
693853310479155200	non-rumor	14511951		1	0.0	1.0	11353930.0	5599.0	82415.0	1140.0	595008.0	2008-04-24 14:07:28+00:00	1	
614615157730357248	true	1917731	Washington, DC	1	0.0	1.0	4309556.0	290.0	28954.0	13.0	987109.0	2007-03-22 18:15:18+00:00	1	
714851393861881857	unverified	3164431032		0									0	"404 Not Found
50 - User not found."
767859423150759936	non-rumor	14075928		1	0.0	1.0	11726690.0	5.0	68243.0	3.0	86693.0	2008-03-04 02:48:37+00:00	1	
764906140257837056	non-rumor	30313925	Washington, DC	1	0.0	1.0	12301323.0	227.0	56350.0	0.0	28250.0	2009-04-10 21:10:30+00:00	1	
619242759359037440	true	466645191	America	1	0.0	0.0	1573701.0	1491.0	1059.0	23595.0	21395.0	2012-01-17 16:49:44+00:00	1	
552792913910833152	true	1994321	Paris, France	1	0.0	1.0	3798273.0	452.0	11950.0	1208.0	363988.0	2007-03-23 09:40:48+00:00	1	
764368020391223296	unverified	4855687055		0	0.0	0.0	9464.0	3340.0	3.0	208300.0	181379.0	2016-01-28 01:43:08+00:00	1	
741995157969592321	unverified	3092625141		0									0	"403 Forbidden
63 - User has been suspended."
767754921403899906	non-rumor	428333	Everywhere	1	0.0	1.0	62097643.0	120.0	191408.0	27.0	77394.0	2007-01-02 01:48:14+00:00	1	
692940257134653441	non-rumor	2557521		1	0.0	1.0	39241609.0	398.0	59783.0	2271.0	127507.0	2007-03-27 20:46:16+00:00	1	
667487418388488192	true	14294848		1	0.0	1.0	301537.0	91.0	5147.0	338.0	62633.0	2008-04-03 17:00:11+00:00	1	
553586897168392192	true	25049056	Paris, France	1	0.0	1.0	316522.0	1127.0	6035.0	932.0	317861.0	2009-03-18 09:22:54+00:00	1	
730516765525082112	unverified	14294848		1	0.0	1.0	301537.0	91.0	5147.0	338.0	62633.0	2008-04-03 17:00:11+00:00	1	
693128224960856064	non-rumor	759251		1	0.0	1.0	56316834.0	1102.0	152014.0	1403.0	366303.0	2007-02-09 00:35:02+00:00	1	
553221600955621376	true	2779009591		0									0	"404 Not Found
50 - User not found."
693071538896162816	non-rumor	14075928		1	0.0	1.0	11726690.0	5.0	68243.0	3.0	86693.0	2008-03-04 02:48:37+00:00	1	
693869818366287872	non-rumor	14511951		1	0.0	1.0	11353930.0	5599.0	82415.0	1140.0	595008.0	2008-04-24 14:07:28+00:00	1	
714998347111669760	unverified	216776631	Vermont	1	0.0	1.0	15464280.0	1473.0	24043.0	952.0	20461.0	2010-11-17 17:53:52+00:00	1	
686666933949837312	non-rumor	788524		1	0.0	1.0	3669324.0	1230.0	34662.0	12.0	299733.0	2007-02-22 12:32:47+00:00	1	
767710042816602112	non-rumor	1367531	U.S.A.	1	0.0	1.0	20678214.0	263.0	70398.0	2.0	451783.0	2007-03-17 19:01:26+00:00	1	
714811995573325828	unverified	20748745	United States	1	0.0	1.0	87191.0	1251.0	1572.0	78268.0	4946.0	2009-02-13 04:51:52+00:00	1	
728101712762834944	unverified	2267865715		0	1.0	0.0	125.0	176.0	0.0	9522.0	1380.0	2013-12-29 20:20:02+00:00	1	
544399927045283840	true	5402612	London, UK	1	0.0	1.0	48971711.0	3.0	144457.0	0.0	37841.0	2007-04-22 14:42:37+00:00	1	
524947674164760577	true	1932737630		1	0.0	0.0	10591.0	5239.0	130.0	13851.0	555.0	2013-10-04 02:09:13+00:00	1	
701539698452393986	unverified	807095	New York City	1	0.0	1.0	51683129.0	870.0	213085.0	18840.0	463634.0	2007-03-02 20:41:42+00:00	1	
653285570383335424	unverified	2396804350	Kent england	0	0.0	1.0	211951.0	4968.0	221.0	39318.0	3204.0	2014-03-09 13:36:00+00:00	1	
552792802309181440	true	868112707	worldwide	1	0.0	1.0	176685.0	339.0	3796.0	262.0	33299.0	2012-10-08 14:43:38+00:00	1	
707310135291416576	unverified	16193222	Washington, DC	1	0.0	1.0	276008.0	647.0	2609.0	61668.0	133819.0	2008-09-08 22:20:41+00:00	1	
693196937172951040	non-rumor	2557521		1	0.0	1.0	39241610.0	398.0	59783.0	2271.0	127507.0	2007-03-27 20:46:16+00:00	1	
614891047886434304	true	15164565		1	0.0	1.0	1769913.0	704.0	30214.0	5045.0	530334.0	2008-06-19 01:08:29+00:00	1	
525023025792835585	true	17983365	Alexandria, VA	1	0.0	1.0	51323.0	16345.0	656.0	111667.0	71785.0	2008-12-09 04:02:05+00:00	1	
765887221736046592	unverified	3092625141		0									0	"403 Forbidden
63 - User has been suspended."
767561970182598657	non-rumor	2557521		1	0.0	1.0	39241610.0	398.0	59783.0	2271.0	127507.0	2007-03-27 20:46:16+00:00	1	
687984820815851521	non-rumor	2883841	Hollywood, CA	1	0.0	1.0	11795775.0	111244.0	32793.0	28733.0	289358.0	2007-03-29 19:42:27+00:00	1	
544282227035869184	true	292777349		0									0	"403 Forbidden
63 - User has been suspended."
766822417712963584	non-rumor	2883841	Hollywood, CA	1	0.0	1.0	11795775.0	111244.0	32793.0	28733.0	289358.0	2007-03-29 19:42:27+00:00	1	
553558982476828674	true	328967731	Israel	1	0.0	1.0	36092.0	1801.0	875.0	4083.0	5731.0	2011-07-04 10:23:55+00:00	1	
544290258951892992	true	3108351	New York, NY	1	0.0	1.0	19445322.0	1049.0	123894.0	1152.0	364542.0	2007-04-01 06:22:13+00:00	1	
650254360727973889	unverified	22298680	London, England	1	0.0	0.0	63088.0	1541.0	116.0	12904.0	262630.0	2009-02-28 21:40:54+00:00	1	
544329935943237632	true	508110571	Sydney	1	1.0	0.0	5485.0	0.0	52.0	1897.0	4082.0	2012-02-29 00:01:36+00:00	1	
693586539562037248	non-rumor	2557521		1	0.0	1.0	39241611.0	398.0	59783.0	2271.0	127507.0	2007-03-27 20:46:16+00:00	1	
764497123530375169	non-rumor	5402612	London, UK	1	0.0	1.0	48971714.0	3.0	144457.0	0.0	37841.0	2007-04-22 14:42:37+00:00	1	
724939017410727938	unverified	14669951	US	0	0.0	0.0	1064560.0	438.0	17050.0	2061.0	139163.0	2008-05-06 05:34:47+00:00	1	
651044059222556674	unverified	232520849		1	0.0	1.0	107791.0	1019.0	1101.0	1.0	27586.0	2010-12-31 11:25:48+00:00	1	
552802654641225728	true	2461887810	London	1	0.0	1.0	108842.0	443.0	1676.0	70.0	148868.0	2014-04-24 16:23:55+00:00	1	
723477822950395904	unverified	64643056		1	0.0	1.0	2966751.0	700.0	20821.0	2147.0	414674.0	2009-08-11 06:12:45+00:00	1	
544305540286148609	true	1960878613	Sydney	1	0.0	1.0	26090.0	665.0	453.0	272.0	85791.0	2013-10-14 15:02:11+00:00	1	
693906624776245249	non-rumor	30313925	Washington, DC	1	0.0	1.0	12301323.0	227.0	56350.0	0.0	28250.0	2009-04-10 21:10:30+00:00	1	
524923462398513152	true	247412653	Ottawa, Ontario	1	0.0	1.0	18785.0	3203.0	490.0	2669.0	49318.0	2011-02-04 18:59:50+00:00	1	
763896522790440960	unverified	72882689		0									0	"403 Forbidden
63 - User has been suspended."
616421546702336000	true	972651		1	0.0	1.0	9446883.0	2732.0	118066.0	1792.0	458173.0	2007-03-12 01:28:01+00:00	1	
524944399890124801	true	19038934	Toronto	1	0.0	1.0	1463977.0	351.0	9348.0	0.0	159839.0	2009-01-15 21:03:19+00:00	1	
686657138270277634	non-rumor	22411875	New York	1	0.0	1.0	1158317.0	454.0	13232.0	1577.0	26355.0	2009-03-01 21:54:49+00:00	1	
544391176137089024	true	2097571	Everywhere	1	0.0	1.0	13169090.0	368.0	46781.0	132.0	270194.0	2007-03-24 10:48:14+00:00	1	
524969201102901248	true	19636948	Toronto	1	0.0	1.0	2117990.0	380.0	6960.0	3.0	221125.0	2009-01-28 04:56:13+00:00	1	
756690088533393409	unverified	15164565		1	0.0	1.0	1769935.0	704.0	30211.0	5045.0	530334.0	2008-06-19 01:08:29+00:00	1	
767807335691653120	non-rumor	16664681	El Segundo, CA	1	0.0	1.0	3869290.0	7074.0	35292.0	3218.0	412247.0	2008-10-09 11:07:42+00:00	1	
552806757672964097	true	15754281	USA TODAY HQ, McLean, Va.	1	0.0	1.0	4575916.0	903.0	36696.0	3048.0	369128.0	2008-08-06 19:55:31+00:00	1	
693761289601060864	non-rumor	5402612	London, UK	1	0.0	1.0	48971717.0	3.0	144457.0	0.0	37841.0	2007-04-22 14:42:37+00:00	1	
544350567183556608	true	25210650	Sydney	0	0.0	1.0	23356.0	2111.0	474.0	17761.0	1975.0	2009-03-19 01:49:38+00:00	1	
758825535480864769	unverified	3364589120		0									0	"403 Forbidden
63 - User has been suspended."
707300612862566400	unverified	39308549	Washington, DC	1	0.0	1.0	836158.0	7546.0	7201.0	3869.0	356424.0	2009-05-11 18:31:37+00:00	1	
693080409282846720	non-rumor	759251		1	0.0	1.0	56316845.0	1102.0	152014.0	1403.0	366303.0	2007-02-09 00:35:02+00:00	1	
614593386188828672	true	28785486	New York City / Worldwide	1	0.0	1.0	17117617.0	487.0	64422.0	39.0	376897.0	2009-04-04 12:40:32+00:00	1	
692665281362202624	non-rumor	3646911	London	1	0.0	1.0	593194.0	652.0	6996.0	4800.0	68854.0	2007-04-06 19:02:38+00:00	1	
767129248045948929	non-rumor	14075928		1	0.0	1.0	11726692.0	5.0	68243.0	3.0	86693.0	2008-03-04 02:48:37+00:00	1	
692701223326056449	non-rumor	2557521		1	0.0	1.0	39241616.0	398.0	59783.0	2271.0	127507.0	2007-03-27 20:46:16+00:00	1	
732981604826677249	unverified	14293310		1	0.0	1.0	18602750.0	509.0	104937.0	573.0	387702.0	2008-04-03 13:54:30+00:00	1	
692753210692476928	non-rumor	5402612	London, UK	1	0.0	1.0	48971719.0	3.0	144457.0	0.0	37841.0	2007-04-22 14:42:37+00:00	1	
650046859537448960	true	807095	New York City	1	0.0	1.0	51683139.0	870.0	213085.0	18840.0	463634.0	2007-03-02 20:41:42+00:00	1	
693171092555431936	non-rumor	16664681	El Segundo, CA	1	0.0	1.0	3868957.0	7074.0	35293.0	3219.0	412247.0	2008-10-09 11:07:42+00:00	1	
693546915892428800	non-rumor	14075928		1	0.0	1.0	11726692.0	5.0	68243.0	3.0	86693.0	2008-03-04 02:48:37+00:00	1	
544269749405097984	true	15250661	Australia	1	0.0	1.0	588956.0	4208.0	3771.0	1949.0	279411.0	2008-06-27 02:03:07+00:00	1	
760109079133990912	unverified	44945327		1	0.0	1.0	2401613.0	111.0	2958.0	289.0	18630.0	2009-06-05 17:29:55+00:00	1	
779633844680962048	unverified	918346674		0									0	"403 Forbidden
63 - User has been suspended."
765859710503378944	non-rumor	5402612	London, UK	1	0.0	1.0	48971719.0	3.0	144457.0	0.0	37841.0	2007-04-22 14:42:37+00:00	1	
