user_id	friends_id
2757125954	[3784131322]
278122965	[1056727454]
95023423	[31497981]
5402612	[265902729, 742143, 612473]
87416722	[113050195, 7587032]
1620343501	[3006264695, 2279261, 9961052]
14319981	[1420411798637907971, 3233862751, 813586163675971584, 132809440, 14319958]
1647857366	[2161705224, 466645191, 2805971402]
1014922465	[1070217925, 2388990182, 39321788, 2719377835, 2711544912, 310280546]
4714915461	[499571150]
14075928	[1054496392675319810, 133723860, 326507914, 262323041, 159894847]
2677214379	[3081013470, 1621337209]
15913	[4194473299, 2342613998, 893590198684065792, 18818598, 532406707, 7194892]
16548023	[1174276237084069888, 1663848421, 2934970723, 1535609209, 1311505802, 1242584630]
430048955	[24438836, 30112576, 29130573, 36326913]
14514804	[1417556940813750272, 1313484593455079432, 1163912001560690690, 358566293, 3010731441, 1285696909647192067]
37034483	[96900937, 267158021, 219273338, 2775374745, 321271735, 465329295]
1406346067	[301076357, 2193607094, 2376042180, 24987045, 342165503, 143516375]
742143	[612473, 36670025, 265902729, 19701628, 621533, 1642135962]
1502806892	[373157754, 1180640504419094529, 49592004, 54649261, 896589836, 2843646362]
7587032	[113050195, 7916972, 1734890306, 501616848, 22147342, 23420201]
115557718	[35818542, 1143356102987440129, 15693512, 34749849, 1128197251, 19989052]
532617990	[19989714, 32717799, 52429763, 82669742, 89713893, 2485950907]
2435960576	[27426955, 19622257, 546364795, 2512206188]
1266239359	[2348214800, 2612640048, 3045623481, 1561567536, 525954207, 333734966]
2422621896	[37836873, 1552684315, 548006311, 305790272]
286742737	[498177610, 888783553, 66092787, 3238353269, 3012159396, 2670426438]
3060631	[4711285728, 228853803, 61893623, 3054799761, 318443407, 346651472]
22240612	[1312642975109873664, 1206271478104236034, 3095725548, 1217895620263981056, 1153667792501166080, 1153667258750775296]
519150848	[3244908090, 726018109, 480205076, 3355484819, 756172609, 635564162]
434867400	[800123263808475136, 99547903, 1966475822, 18503594, 374433545, 561857786]
129834917	[3006348240, 1903558339, 26834339, 21579466, 956125597, 18530484]
221452291	[3654878069, 96496907, 337212116, 72049431, 113155291, 24793660]
468082397	[16386284, 76518929, 221413260, 33992890, 30893732, 16014951]
11928542	[300660621, 18149185, 2864989104, 373632925, 930880826434351105, 64475299]
307478701	[543098712, 312334262, 25342280, 241594523, 1169350772171124736, 935634716006535168]
14681605	[2688952472, 999720386014019584, 195129672, 101324458, 93518110, 15115280]
2371458720	[241778680, 2370830377, 2172681822, 337246428, 17691900, 52025210]
16049723	[9106642, 15031499, 129830914, 214808939, 24168889, 14804878]
14294848	[838464523, 230787751, 593837736, 812021257, 992541822122582016, 1014962123087204353]
1438331173	[2309209807, 321333926, 2407369286, 1186378112, 1576554931, 2226127897]
44945327	[430130014, 1300966661403664386, 195806875, 23457682, 176447679, 2274871117]
457984599	[37920744, 1163992520252153857, 3158525205, 232901331, 137472360, 18001922]
272395158	[16157855, 1367531, 21970333, 531627880, 25376735, 31194003]
428333	[66187523, 43578692, 52752875, 466788677, 3030352151, 34992644]
1114067306	[712731391440592897, 272522127, 151915040, 1401620756883251203, 1396935099996909568, 413295645]
243318995	[824164968677408769, 3027970893, 569238628, 285636352, 381157332, 17060573]
14861285	[1300495749478785026, 3901516103, 1007534222, 28282442, 15958614, 17525171]
23962323	[1932191352, 1144274136, 21166728, 77366505, 20531361, 225589006]
1635754086	[284845544, 2329203841, 1973506220, 1380524366, 2263894381, 1948482325]
65493023	[1290635110149169152, 19737700, 40625430, 14529929, 281610530, 43376269]
5988062	[1356632180823318539, 181020741, 29998941, 1085927065, 138141969, 42658822]
2347049341	[6578122, 15369355, 17273535, 43375503, 72473481, 100531396]
157627966	[951503496867655680, 1425139423725948929, 1436110167976861701, 1391254762499153922, 2926052682]
16219269	[14328066, 71058724, 1451910877599477765, 1286449979184361473, 151596846, 909533738]
556151596	[3659641456, 804816624, 106204123, 49519258, 3093242123, 18980276]
2890961	[1041785194095816704, 65085261, 754485, 16373202, 3119877934, 108408529]
36327407	[621649066, 1351452553137905665, 725552650985545728, 713027185947193344, 1318928750143139841, 63796828]
27500565	[829860993391931392, 854703472612184065, 17974757, 1355294964, 1078017553, 240107748]
1570005834	[1471955834196623360, 1444360543196704770, 921293474, 1464968941000806401, 1472528239537000449, 1472527460243701764]
752749796	[2424292610, 441206662, 469003221, 1519926283, 258907612, 608438805]
1430400949	[322555853, 768111422, 305106924, 19990162, 16887175, 3704391]
67973271	[345013610, 69469164, 2234512796, 20009816, 23783240, 1281739903]
14216661	[626000206, 161157900, 176857870, 18182689, 186582558, 44952933]
24000965	[2216760050, 1060751816, 24156429, 38495710, 539323774, 114530313]
19310250	[2474749586, 230761725, 1137701, 1362376287004803072, 16592034, 970716252179136514]
275686563	[4259803403, 40838464, 1199057751130816513, 22427183, 14752818, 808464904575299584]
30408682	[250693469, 25206525, 41052304, 23258865, 289634415, 313680326]
14749383	[888033836902354944, 137000203, 26563129, 1054387360597753856, 27940210, 47346987]
360738490	[3267730369, 331403526, 969781208321331201, 898373002148143106, 462958397, 838177796715249664]
624413	[190590454, 1254097248855699458, 792290942, 257513690, 164021882, 20402945]
1363520268	[341908197, 2492329989, 1567480255, 16909904, 216311666, 2781188954]
195271137	[801203059359678464, 1282121312, 1326005070, 111400999, 23362152, 376453771]
14800270	[425593147, 14346491, 763977799736496128, 339279439, 258758167, 14117530]
2741313561	[1460314460757938186, 1158782489286062080, 1157931822405361666, 1161030911753957376, 1150261432874930177, 27872863]
328810158	[36581980, 880851493968072704, 1364718200118669316, 18217574, 3056931256, 48152936]
107117835	[298661702, 20468711, 15587790, 2825290761, 247897366, 20166278]
13784322	[48028402, 86972419, 48037533, 486983254, 116947296, 355036400]
30313925	[369505837, 21030451, 708072909114318848, 703302487827058688, 4830486675, 4830614074]
18665800	[1471883612270342146, 1442540162483830784, 1458404363999883271, 1370072888716496898, 42112994, 14516920]
18510860	[215986146, 1220065306426642432, 824761019591450625, 990713310025846784, 1219278784693768193, 45952335]
19658826	[1532061, 793451619975331840, 3663140292, 987296641085595648, 163133862, 176574522]
15163466	[11440412, 27240022, 1130465222853111808, 35203319, 82689705, 20455625]
187179778	[12077852, 957641, 330321134, 15073020, 425241066, 2200721]
14138785	[906959665178841089, 431453390, 1217837013044473857, 3129471480, 2800412252, 54892956]
1559340594	[21591048, 1241115456284643335, 85443098, 3244616533, 941298402087919617, 1429134579198222342]
7144422	[719607926248378368, 483351783, 1172267947, 22317452, 2738269807, 16795762]
14460241	[3448051155, 1331565596488634370, 204917532, 1111861873, 216647845, 18537898]
87940072	[67801509, 821063726015148033, 153157797, 34122090, 1933042237, 2338665151]
726456445	[1089519205454622721, 1066136812786204672, 2921733722, 1359142603334238211, 230834247, 1484860494]
14799177	[30044727, 1450334494234497024, 1063380334086156288, 199325510, 1099046807785607169, 1263521610448896000]
1367531	[29367753, 334715818, 17494010, 4787411118, 739119366, 16336098]
402098922	[295652956, 37030458, 192310725, 1154582468, 134774672, 538588127]
1423430694	[1153344102320287744, 447022426, 4877203588, 3439259596, 607441774, 736451827]
14372486	[1225866129731661824, 2325561469, 108834413, 1442378930, 14743120, 146556805]
774187063	[55053689, 26180016, 2727296821, 118127612, 212255045, 3015271772]
23655688	[38290074, 25516222, 1732148604, 155930120, 3819581837, 388695685]
24138795	[90910059, 25545470, 23585395, 15137850, 18197668, 32585436]
26659703	[1945214251, 156306739, 419108596, 21790028, 19615775, 332981937]
1917731	[18915145, 1270398719725371394, 14975697, 426281310, 460436206, 1116822727]
21660529	[73260722, 217269719, 168332676, 1446509523561168903, 1459263918266802180, 165840802]
76858507	[81687794, 44534430, 39319668, 1424106622096453632, 1300943832800919553, 927513257946083329]
15108530	[3231489491, 339969384, 59565766, 7848802, 254274083, 16906137]
16638685	[1056965863931346944, 1239853969184301056, 18216025, 18086050, 514781725, 36158995]
2507295473	[825411208488554497, 1247958601026723841, 2439888448, 326443544, 1389381143649206275, 198262427]
19038934	[106203727, 263266307, 724689054332293121, 1316509001253752832, 247587991, 3196494064]
203123011	[1010593116, 126733238, 576745187, 272028141, 382510286, 291626846]
1070586199	[94161152, 763795032671395840, 272077769, 418683290, 165051692, 34644232]
466519303	[33276161, 18131961, 355591226, 20659868, 3827517556, 497473185]
230527949	[1373841438, 10943662, 44364729, 52598390, 60919240, 422798683]
28886934	[116523554, 102955736, 172844781, 436181503, 1238765089, 15865042]
2097571	[66187523, 115169558, 1435656618, 422391858, 24092216, 104608458]
15595632	[1409864250764369920, 2245745149, 1407729542450585602, 2873554006, 1085335253898555392, 51635729]
104815494	[884883821405106176, 2798584296, 720002672141680640, 3214680089, 4856119024, 2398360008]
457949035	[1471373853553135616, 833952144, 1080502034594328576, 1410397427358633993, 1417242025565564934, 1443957763697102856]
19636948	[416025003, 1437841900078342154, 19089339, 92619405, 133623952, 868944139]
20562637	[1391395513216479232, 2771914069, 101421329, 1176202838382403586, 791978718, 199872043]
2453115420	[886290524893827072, 158800638, 230239231, 1293543339065774085, 1297219757914107904, 1284874976517148673]
2557521	[28923113, 1352983796, 19941901, 2669912101, 237485829, 47335665]
16973333	[726384941613875200, 296465499, 856890480952569858, 248194597, 282170913, 64637536]
18480977	[44422156, 16450929, 15769250, 2419955412, 95672051, 135192904]
50769180	[32201297, 1465347964252180493, 18956073, 165622096, 1276048330586537985, 833398190204391425]
136004952	[1384579353217019906, 16297426, 2835451658, 80024060, 1166419406685188101, 47075953]
1005183901	[3900757041, 10211442, 290607047, 27236557, 65982083, 1388070029548212224]
14780915	[1326906805, 1313838752394096641, 22260999, 24496453, 16583854, 15728161]
732773016	[994881009752657920, 157466010, 991348339039002625, 611922523, 743856512, 1683118196]
107114063	[800816666, 65707359, 1921317602, 249493785, 3529367417, 785125124357890049]
1854274926	[991348339039002625, 47436746, 1683118196, 39930469, 3113157083, 1629244514]
575853327	[1185306470415523840, 3064130272, 22338732, 854370337986945026, 42357037, 2372178485]
36780425	[2882549899, 778363148, 93683991, 738396708116271105, 2243922070, 793461426383908868]
14669951	[18677260, 808424449552896000, 246646501, 368918608, 3226282347, 18459813]
213291472	[60181921, 46518690, 14660096, 130057886, 20754104, 48069880]
28638191	[834025940, 770699004304908289, 917825706033340419, 1389951194907426819, 30325881, 922928836836130816]
21888595	[1337150448814395392, 357870799, 678083, 926054168753709056, 1378532333930774529, 31667539]
1344951	[598709654, 461748443, 278441639, 47641722, 15759423, 44911778]
239825437	[543554806, 336134499, 2461887810, 2422011614, 18809898, 78302221]
2461887810	[1283041821329895424, 20374624, 13115502, 193476889, 229981309, 1617732804]
59553554	[211518517, 25622507, 17787502, 725897344357519360, 97028131, 84708371]
229139732	[252447499, 21842763, 908354649857687556, 937691320805740544, 835312828865208320, 741248549506015232]
22411875	[40965357, 840794702, 2557987609, 129130834, 309976035, 25175356]
401820335	[33574174, 1212824074801434624, 891515331440553985, 4634491518, 2996238347, 74479929]
58510019	[961394587150331904, 2812234960, 1160191380574089216, 809749620008034305, 958020278533189632, 1110319628884938752]
311660957	[1238678899359232002, 1229578193733971968, 545235190, 822588535698034688, 321774180, 809739535]
16374678	[1459074529, 1394729396313878529, 42368185, 1147151911772151813, 38287098, 23788421]
21845346	[2614798836, 2932156827, 36147039, 23453250, 964521822757769219, 32534958]
28785486	[24844300, 88856085, 20601037, 18274250, 3033098871, 1488913117]
18999969	[87029364, 115861572, 1046986468336525312, 2932218449, 88576480, 36211088]
4620451	[14641347, 1411494322134929410, 2905571490, 280811825, 19149703, 123421220]
526951671	[281890963, 141664648, 902700713788268545, 1372579519996043264, 2382404724, 2149553937]
29849267	[16486901, 1430991722213957632, 1179919255, 60597469, 2362600614, 1760023920]
8839632	[2818532994, 1461342558051835907, 30883716, 1459235083488047107, 261763904, 2832025986]
239672340	[1186083026633134080, 2455740283, 17446273, 3165311079, 1070814327932768256, 18238788]
14293310	[1330664690054275072, 702029537727545344, 175794305, 1232540254457847808, 54617733, 58309829]
149913262	[16206270, 1281062539581939712, 1407865525636456448, 1316900865249337348, 1269817503263240199, 73204975]
83266089	[602884368, 319539628, 833878373759909889, 25114982, 39881921, 41474795]
747398809	[418968985, 113516847, 267863656, 1223695284921724933, 1406667323591827459, 27956714]
49616273	[99004419, 365216346, 1233144962583343105, 1231750144485277696, 19580890, 2456187006]
308850792	[14997968, 1494728401, 2674885476, 84391238, 1034193199, 95348464]
6017542	[1225186043261046785, 45383269, 11856482, 37590426, 27101698, 18254895]
2884771	[75137901, 101516969, 113034301, 221865069, 369098684, 93834597]
19329393	[1379415154090205192, 27989078, 144884794, 3911239745, 1393216639, 65992743]
95246658	[515668635, 205593642, 49368781, 1396834518, 241423141, 207118790]
493658381	[1183854853669507080, 1074694125524578305, 1026504313366036482, 181862558, 403710456, 172109558]
15012486	[957025192605306880, 1018682768828567552, 6948322, 16746493, 15964532, 1375767275194699777]
17842366	[15762845, 1273309863377080321, 948455915912441857, 1282334442, 56405314, 302288855]
786764	[115745289, 2996158607, 114908717, 15646720, 21269694, 281203007]
22540123	[47484141, 1042139340032356352, 2424407965, 21951033, 580312540, 57756665]
134196350	[43122860, 3389473191, 3042887648, 1561373574, 43574371, 1420686258649673728]
301108020	[1311145810667745281, 777812617, 1378933676935766016, 1327549899454377986, 1046740962, 40604613]
53110793	[239964366, 24775707, 1435318963425222658, 350680058, 2728371551, 1429225568]
24304852	[71863588, 1305678805797941249, 3730195995, 1253101616816959489, 488799600, 471309689]
11178902	[354570003, 2997786141, 382816543, 2354090664, 4160274844, 14438269]
16193222	[1428513298123837447, 935662317190172672, 868253633124630534, 553164619, 1462457000906965003, 3371380333]
318390538	[2392538871, 1676488046, 4112340677, 398670376, 2346896742, 1648171423]
275796851	[993056066593271808, 1313531045648760838, 1322237467756359680, 276305406, 1427850217454456838, 88639763]
13215132	[18407019, 12705982, 592286290, 1073242482551480321, 3119877934, 2565727201]
18058293	[2393558521, 1145870958739230720, 257377875, 1369327522094186499, 968501207131217920, 110798061]
3646911	[469398051, 13534632, 28406270, 268623262, 27929446, 23643794]
1681324362	[1339249335750389764, 3022889996, 231335961, 721205485311930368, 1418603297879990275, 1421002699114483715]
736840885	[472431999, 3855420736, 1858882886, 429415553, 1304531594225561600, 2607631437]
14717197	[25598396, 16041234, 160951141, 36007510, 262797432, 829834182864039936]
30488144	[21374216, 113819586, 52634006, 1661430302, 566931882, 21910114]
15164565	[15104164, 1562141742, 314864509, 1017967362, 19863164, 27530178]
320655939	[1187038246485794816, 1199309467806052358, 1272883183613366272, 1450479554426966019, 1426278895444103169, 1124174730]
461275704	[952050353813377024, 1288698913373843456, 802064327075237889, 809041237, 545808883, 1424760120]
64643056	[573498801, 818905354205622276, 522886434, 1432766978389905413, 1200192497441558528, 312696314]
14629315	[2402895617, 16827333, 71026122, 166454156, 179134038, 1112865624395481088]
7157132	[989493799, 18237511, 48736377, 999720386014019584, 4071981, 15100219]
10774652	[60680268, 4819538573, 15392486, 1210398164878024704, 1428066594945699840, 465138382]
890891	[85961526, 1422231529049124868, 37771961, 420752722, 1417142120406790145, 1254839129944346625]
14094741	[19777398, 51022910, 181532763, 24115438, 129092953, 391757941]
772050240	[4205257425, 1301738400, 813645173347516416, 712296119158632453, 99217397, 2570736372]
25701904	[1293602820185235456, 3004086270, 1032274264706232320, 19923638, 18588279, 234951672]
69009254	[24257127, 2768542457, 1410028926819254276, 1075124365866483715, 159238058, 1020788435181883393]
16042794	[51544489, 249808952, 130513726, 101079030, 567494723, 28457822]
57775464	[108133631, 1031704371766222849, 40239101, 37273745, 112356640, 815964345041567746]
8936082	[593837736, 2846816302, 189896485, 243081319, 21210721, 3441357856]
11319582	[95038506, 1174354197380132864, 1292084738635816965, 35666605, 26877889, 428377986]
17679977	[371829251, 26003389, 596843325, 435416709, 32405267, 19779559]
15428397	[986306215423725568, 1344130861331959809, 1448741954104315913, 169120402, 15541153, 2666790169]
16675569	[484570953, 14944735, 188265344, 2935738189, 1217264821, 43866736]
215598844	[1394500710, 20085313, 19211664, 4071491898, 17751495, 1336361889358467073]
138102228	[195388862, 22080935, 1454356553696305155, 3409193855, 747505692, 19430780]
143695063	[1184494271992197126, 1050073191274766336, 15246479, 1335426871698272257, 1323764300045971459, 40414437]
14647570	[25376245, 16564324, 67624868, 984848828086931457, 1083472286089396224, 152502698]
115754870	[736133383, 1274502441749360642, 35580401, 759786534, 15484198, 2958988084]
39585367	[853318165, 1403414752810913799, 968514570443780098, 1254784806052720642, 1421082818, 954132896683610113]
13049362	[17220817, 2919018056, 29860364, 15573174, 24580902, 305967569]
2836421	[845945042, 62391729, 1461342558051835907, 721827317606170625, 828242438, 56799476]
18643437	[57320778, 1374443709706555392, 45553126, 1130202910095290376, 721387177091993600, 1009716150895341568]
10252962	[18141680, 523616087, 15059968, 1178711822997655552, 779119303, 34316604]
329121956	[6069772, 755348132200865793, 37999671, 22775500, 22831957, 68721292]
9763482	[15525413, 119950049, 270949237, 41874485, 1440569113928089605, 158414847]
279390084	[276254488, 856090199926988800, 1328481960147169282, 14298769, 1269285102275760132, 121513161]
21291400	[52680540, 616047393, 262650199, 1077601774108844032, 2660122864, 974933646]
1040889722	[636553580, 1331651467384590337, 1097262879043215360, 1331351640578928641, 1295028474, 1350421787864166401]
20402945	[303390916, 834577428, 235015924, 1176708335892144128, 833528215, 1301124388876554241]
325265073	[126145733, 3092122937, 1007324826, 1228790549169217537, 2786149299, 25728193]
16343974	[24913568, 150380296, 962031759020797952, 163795571, 42720165, 1358761063882317825]
807095	[766294609882406912, 608616316, 883578990, 116581134, 36602046, 950864461]
1077446982	[1039879658400112640, 1344750588026900481, 76452765, 1341091420439015424, 1345825008887721986, 1340783304304410625]
18013279	[971565684378537984, 173890634, 1403761760, 1321935792416149505, 3894369018, 723308523313094656]
15754281	[355741460, 1355739031, 4777319007, 420329482, 51509822, 32913773]
21106414	[1347229378128850944, 378141565, 62344058, 546016396, 2613630720, 22284051]
17379685	[3062125146, 31470455, 535633228, 74553413, 20641995, 594772286]
34310801	[16625852, 701750402786717696, 1512021254, 55369810, 834081571493785600, 29501253]
131351549	[28647246, 1490963166, 211551276, 357628297, 1437741974119858176, 1284351590]
15996661	[538348950, 3192528373, 21765161, 21429103, 1421194257084272643, 1192913396783448064]
23831448	[1266785341433937921, 173200840, 3292286496, 3645651982, 231525540, 1267767045246136320]
16331010	[319907182, 16537989, 1850127757, 13262862, 17070113, 11347122]
166990746	[779104195, 1356030014, 896466491587080194, 3067264802, 281677896, 1056918746009341953]
341908197	[2502718806, 2855864495, 1228320788, 266490351, 543864321, 148995575]
21416670	[1183039247332196352, 161794463, 778746036, 998094026556534784, 409409816, 2945932298]
8736882	[132015712, 19658689, 541894151, 227439772, 209197352, 19078217]
372475409	[1247324155046838273, 993712320776781824, 346336421, 1012571803, 1004843775108308995, 2448804271]
102700680	[146423935, 4493743294, 1926360631, 1389974425685176321, 3458195901, 608182396]
115486770	[2410912742, 33359399, 23219195, 2174220408, 20019468, 607782944]
347451363	[17495705, 1317212672, 244992394, 23115481, 91669515, 2601802561]
362144301	[1267019480305209346, 241058201, 1445700806070575113, 177282182, 952506773491060738, 2331023081]
70468535	[1208442468, 1119923905349734400, 1112469503609327617, 4354449915, 359358437, 375852740]
24630719	[23849357, 27544228, 1165805190492110848, 144264424, 378723371, 1434490999]
155620461	[2232208189, 29769111, 256411474, 1359253442686976005, 1681807207, 243381107]
243163874	[27989078, 1379993282, 24451390, 528722952, 338174945, 159138417]
26329195	[45582904, 1457775314319327233, 896222735294226432, 137848152, 2555273731, 41120320]
1630896181	[1248040806, 31213, 726923899, 1499417562, 602287612, 294581875]
19743731	[1070910874565537792, 604102183, 79281289, 2838824434, 1260471184438841345, 916131323395395585]
232901331	[962650783182331904, 1121443492868313088, 36081898, 229141520, 45167431, 1140392712581111808]
45564482	[21418443, 342861223, 860598300, 470708968, 1005390770, 120516622]
24544452	[13073662, 312860399, 21130076, 1449510256405536776, 725691397274099712, 21115574]
16211434	[319798133, 35877117, 58954780, 62917865, 434898980, 544684867]
24215395	[400297853, 273123358, 818733968, 578734691, 122527133, 460837678]
43289988	[243800816, 1028436924, 16463786, 154985728, 250826088, 884851327251222532]
237403203	[32281887, 434458299, 1318934263903956994, 1428382173053308933, 1267392775579930624, 412316336]
15256225	[1337779353464283137, 42517286, 199950870, 123276343, 789600333915889668, 22637974]
249219716	[265038969, 2869746172, 2976606250, 15515169, 20764745, 24120294]
232520849	[85383361, 924836857988313088, 300796564, 53414786, 403075133, 748418589049364480]
13461662	[1546063897, 15816424, 1192913396783448064, 43242280, 7082092, 2333850040]
627830911	[126504917, 1474881111167746058, 782620709977661440, 717445885467070465, 26007752, 863241565]
3108351	[889679926202445824, 890994369846796288, 104402624, 20832652, 48494821, 322588953]
87818409	[18667799, 4300957042, 247476364, 19362713, 143603147, 28882275]
15937499	[1451350192696041478, 2545495181, 1141819141629849600, 391614430, 240305846, 793303563959087105]
258856976	[29818068, 3150113518, 1050762614, 1049313744, 1103069322522648576, 447360694]
94215989	[21865734, 33727663, 962205008, 21063822, 47248307, 28465879]
759251	[1367206038093656068, 66187523, 115169558, 1276216630306054144, 587188423, 1435656618]
16630960	[1165983615228006400, 906226142222446593, 150236370, 357899328, 24792299, 1430646803687514114]
16302129	[20450186, 4926595558, 1733125729, 876808674676801536, 180188862, 71139119]
584031440	[954072202466549760, 1044060734806790144, 747873537554321408, 143522902, 1212023329348964352, 1132420272118730756]
121291606	[2168708270, 15454261, 414539869, 869979534132695045, 18079996, 325328148]
20012204	[234624450, 255351091, 191184478, 445754523, 26813101, 14521926]
129051309	[90079704, 379784661, 22708874, 31163361, 557915977, 16220088]
20177423	[378836389, 286295810, 444286178, 16566825, 20459041, 854088145675145219]
41875694	[2427772278, 1420154401201790981, 267098336, 27991531, 240765221, 18359716]
20003448	[1219293016613101568, 3361716634, 1168338124193370113, 1150690020, 849647221788344320, 168334950]
106514999	[30572298, 1112857029134045185, 21203794, 1401545919787683844, 1461896905907060741, 186598459]
1652541	[1675264694, 1026915105496281088, 3247532601, 781084056326774785, 52999275, 32566911]
143145579	[17813513, 1247020867529453568, 1335695569331826689, 1384901617871466496, 1196368356191981568, 2732180892]
788524	[290735485, 18045304, 3144928678, 18553134, 169767749, 80262276]
25470710	[47361978, 32827867, 238266751, 189382341, 4402088653, 25833661]
16906137	[360918756, 15127834, 182398325, 17507250, 33773592, 787261661228990464]
18565988	[17024292, 36707330, 2904190074, 2479077845, 223204795, 57893062]
299802277	[20253808, 187289134, 142490217, 24703826, 60506242, 548384458]
20748745	[85590606, 1333164412262203393, 398036535, 15867018, 24685243, 482388629]
24165761	[58685588, 1333049564736221184, 2423785232, 74075365, 725400313088364549, 2645515501]
17244228	[44813955, 21342519, 60370335, 97551974, 706732068, 37612458]
6433472	[721054074825781248, 27825918, 197074546, 160061303, 278765856, 31373329]
17602896	[264498030, 369064357, 133465261, 2920014210, 177758937, 50133479]
472552916	[1445665865286897675, 801581981024849920, 609286877, 98588767, 27437080, 258481206]
18490175	[791733407260745729, 762034505016311808, 1239511239241261057, 97990580, 1018713678, 2242493365]
24258355	[1071594896, 969588605755805696, 84989108, 2894202405, 47799986, 1418277467006062609]
171667875	[30190753, 823245705439547394, 248387937, 15181209, 44782160, 76435286]
253473203	[103334123, 1460548707787718656, 741520723, 1162669482105548800, 467634893, 609894386]
15446531	[85021759, 18403447, 796379161, 945284660, 30098259, 38413836]
29417304	[2579125051, 2369585988, 20694073, 37974567, 1456647114512023559, 2439032786]
46146200	[236892009, 969145698338922496, 235264884, 377016299, 137735038, 18819847]
190905427	[1413909787746656269, 15940951, 946037999074193409, 22659569, 1048446804, 104026462]
717313	[196233238, 888171786256261120, 17853538, 1118652581310545922, 27767135, 1615420399]
97994396	[14410356, 2329492448, 348079975, 330315270, 967027984426242053, 251922581]
19621110	[18464266, 1263181969472380928, 2768271223, 1380527821047599105, 243800816, 781333062198124544]
30694631	[18170845, 16107045, 16113700, 431719095, 15725659, 788242177801408516]
18927441	[225039475, 534903006, 1130124640813277186, 34566811, 1458093912988454923, 38212296]
15464697	[2475407894, 1578037154, 1002666643040894978, 593837736, 16460453, 30844417]
34713362	[1104908951827685382, 346514940, 48313181, 2217142226, 993844448005120001, 351662373]
68577152	[207190024, 28422760, 58353613, 16120312, 45724110, 1289231304102481920]
21889069	[1230463969, 121544946, 21568800, 96461789, 17157142, 16481408]
18622869	[257232251, 1346859277, 207256884, 979329858, 20744708, 185497496]
346809444	[22830616, 369680500, 197382773, 1241566271503839234, 280783408, 1231328941]
95148130	[17762236, 199400127, 3092429597, 2291430752, 47967546, 22352061]
1855737487	[2474921557, 2409701142, 21560846, 82321262, 871151438, 1288343203]
6482142	[940402107068440576, 14591740, 2717607301, 21264292, 16715240, 26640292]
196168350	[2877220809, 983108315466162178, 1287098672132567046, 22307765, 430397794, 1396151678]
47739450	[214337395, 1901916354, 41019773, 1427433490962915330, 1366130381045530626, 23348842]
503238478	[443920905, 721433417192181760, 770389195, 229986152, 486076109, 714736776]
282977213	[4338971175, 326572895, 17313463, 1594137236, 1410394279, 24304558]
15791186	[15109516, 780485761892229120, 69050219, 392458294, 468641334, 753725604747358208]
216776631	[963973126030790657, 807323561924947968, 14335586, 858809231167942660, 947532584916959233, 1166373082208112640]
174172366	[1126189237, 827691380, 1166722767112331265, 95356099, 172863320, 2757683103]
22298680	[1254748633263636483, 230043193, 804330251639721984, 1429040637366652936, 1077813163, 1459430259028369409]
22292529	[20785838, 1445086229347901449, 122773805, 1093695069176000512, 1470841921375543303, 52573939]
459872442	[3239761613, 16478710, 149249831, 144300104, 130557513, 606703243]
42921216	[59293302, 1186004972678369282, 17187236, 2424340500, 27172787, 107280049]
2789038870	[3096859457, 6181532, 72707539, 3101872692, 53336725, 87352552]
9300262	[598745068, 22586564, 2588702232, 2979344717, 324169263, 403579653]
91038197	[1295937702706270216, 21305315, 854906390, 201066140, 45606356, 2438552886]
345139292	[363761330, 55387979, 217153695, 2285299624, 1924150328, 314841821]
3293118434	[2972870754, 1287138157864071170, 822462665910063105, 746541199457017857, 1349010518011506690, 2768817696]
54060157	[40151763, 109308225, 842733259297624064, 356474001, 2741264913, 1301821932]
15739391	[1890308449, 53337029, 1372141990276661259, 378320145, 17973836, 156692849]
2467791	[1024348052, 1151848578, 22454166, 405638663, 20519694, 999144139420651520]
25589776	[2427733896, 66960077, 1311791341815373824, 225618703, 15169772, 27765756]
46822887	[1427676831440846860, 22336063, 25188787, 372571344, 27603, 927626229410353153]
2280470022	[314566049, 1260623991129214987, 726561245512491010, 149956345, 189324390, 150965402]
1068121346	[266007021, 261167227, 354556754, 810659912896352256, 3300654993, 911118156]
14499829	[1386972731963547652, 1223276177177108480, 1000391822189965312, 750693674434957316, 3319210530, 111529937]
243628984	[480405720, 38526133, 1141114444656893952, 177524369, 1418637671115657216, 20688492]
437874669	[2768271223, 18549385, 968821753148596224, 819994707061248001, 1004226126, 1443354192509390857]
170886667	[16355835, 355507206, 399148073, 882824281, 1406054406529814529, 114978867]
14166714	[19317636, 4037978832, 1300483612324835328, 45323315, 471747935, 1451042560370044935]
380285402	[783027305954279424, 17590516, 23176276, 111400999, 11744152, 3059080869]
14173315	[30487036, 1071841692, 379162299, 89887215, 227373977, 3137031]
16490974	[17604070, 1400858451832606723, 332859217, 1367595509792260104, 1418550591723278341, 1435067626355494913]
18711754	[21924023, 1276163072, 1453090260, 44794906, 3253320727, 1244706938]
24506246	[17969963, 1187113185884684289, 1409904712015650824, 34876970, 1060333999, 834213074]
248807469	[1036698759349116930, 402817388, 968523005122007040, 1434463560, 1161319504162566144, 280288513]
14155907	[1082057959, 139159452, 1140743729797423105, 101529977, 57119145, 486957731]
374356748	[17577394, 1465098146, 27311258, 369641172, 96669976, 1122135109883265026]
3337804853	[1360351357815951360, 894305143, 1197992176367652865, 15220592, 879715313486639111, 37760311]
216299334	[441999049, 296351495, 906519766243954688, 3420145143, 1081346049007149056, 93603993]
26487169	[1476251440276459522, 1468677099594698757, 222196210, 1537478390, 862926739671994368, 615349684]
130834875	[26418212, 366610378, 57464572, 1187818625559924736, 191571985, 2394925351]
1245320090	[212728078, 390768633, 589431637, 176073125, 143678129, 4563910874]
14464766	[942156122, 122877296, 3235113399, 1152178724835667969, 867392162169630720, 3063972323]
201977673	[1470743813438447616, 634301257, 3309855052, 1336841194526048256, 1679718330, 1413645094280826887]
16001350	[24277376, 67150863, 14894519, 1412624343419351040, 310892700, 989562804]
2716396878	[1089641246426099712, 885279805, 70209080, 1361136760047235074, 1018113761176178689, 1291501886026260480]
6038642	[4099642455, 447287656, 366955988, 3331588833, 25314675, 38216246]
174253648	[139462271, 1861219694, 17989044, 21084719, 1279990567, 29056724]
6267962	[716798743, 23040137, 3098238547, 19002841, 25770634, 94084718]
271413771	[718811698, 1467580478, 22146373, 725046321548238848, 81875055, 15684636]
11740172	[2338955550, 801784884729614336, 2426579611, 15859912, 1237404141837864960, 2742132235]
5971922	[1285391588558950400, 12522, 20406724, 538781563, 16148602, 246939630]
2689574322	[811414973985550336, 1201027070291169280, 4138525213, 88566817, 710297301802205184, 3374149533]
15438913	[50281197, 19096944, 75343905, 1079425544998080512, 3059080869, 3740896163]
462104542	[1084375028, 631310817, 28639189, 20776147, 4926083998, 1390863034982219778]
119384138	[80250557, 48671764, 50285814, 290098092, 118673628, 549957259]
7309052	[224406825, 107337724, 783027305954279424, 29222187, 136457455, 16665516]
16936858	[36679173, 38479889, 1402364988187107337, 15379170, 18566376, 1374381459553673223]
26347394	[154028240, 168376387, 20056203, 842733316835102720, 339752726, 22174672]
56539746	[20811239, 563085637, 378320145, 3316437941, 364356335, 27309645]
51381252	[920149141136609280, 16301854, 919725732116475904, 1245135989317742601, 142367864, 845005322720817154]
17878322	[1176957779434770432, 1365022546521960449, 887418059501305858, 97286356, 12, 14772775]
221939499	[2945499701, 214722364, 1888283562, 836086033078878208, 324240113, 3222464688]
139255910	[36456724, 876049627908374528, 1263789597563195394, 1317940454084825088, 3095202335, 1319682906730733569]
180887271	[3174164349, 23015461, 38921194, 23477240, 20199202, 2988566500]
123846927	[811742314469163008, 832128073, 1258844285560147971, 563172417, 874300297, 4705937532]
635608354	[788915123012395008, 16473890, 1319052135875661825, 1134540384732770304, 755581090178273280, 2398622510]
22650211	[94734906, 33705556, 2183118511, 59487396, 39253470, 1359291159634395137]
17537467	[1370965340142850050, 2199453325, 264308340, 433916435, 1327583193512497158, 1345982162885984256]
1496971	[46486356, 344984969, 26069909, 1383505821372325897, 57893062, 23680536]
7900962	[1010031166311682048, 1321544006673797127, 983108315466162178, 1401270508105220100, 209693451, 68326294]
13493302	[1256639510013710336, 1458282841360510978, 1225222876611186689, 17466132, 15729784, 1216924910209110017]
23482952	[26918986, 1284455149, 20487400, 73716850, 239640580, 720504404]
15553222	[111909054, 2326349904, 115219217, 30272162, 154967045, 12]
16824090	[4469421613, 1347703690766016515, 959354996, 1909344061, 41806394, 193441812]
15307435	[2522168276, 2798855875, 14610740, 1325711158196596736, 143688499, 61812778]
35586563	[131835301, 37982492, 27641724, 158449875, 40353407, 28745526]
14934818	[21535507, 464193349, 15129069, 1007712073806221313, 18677951, 1639541946]
15755669	[303559968, 54244429, 329318841, 94190621, 384889829, 36205119]
42345999	[1077014013941186561, 1271568961696608257, 4330611919, 1347738530374680578, 1235988293256384514, 1389441888768466947]
640893	[1449115308195815428, 794056568, 770043188602101760, 1468784288820826118, 1383097530, 296385161]
14940354	[1276140426, 708861759029977089, 501027434, 1348673658433261568, 21841869, 953856425058484224]
15736190	[1362505873625645064, 14479132, 17136315, 3366432034, 18779176, 218523047]
1137881	[39826971, 357260014, 49217025, 314864509, 25033154, 2902504253]
19091173	[808080314, 1426227719470157827, 751569698, 2975091705, 20578061, 359403242]
42192966	[571202142, 1252768002463821825, 1344372418299662336, 18789021, 22076767, 3095119074]
138749160	[79188223, 1265058372, 229917137, 1163034162586165248, 1585922725, 865322028307537921]
76156485	[633165486, 606441611, 23820989, 137771988, 17689168, 14851963]
4641021	[3223627886, 15770148, 2949468508, 25053299, 16896485, 830685878955569152]
19426551	[20691360, 25373810, 1218643432815710210, 848723507596939265, 1290840066885967872, 1353066327758368775]
74669397	[3232062559, 182398325, 1019982070049837056, 79375491, 69475887, 209321010]
972651	[425658819, 340715038, 558787313, 731420496, 1387010665248870401, 30599715]
2512264104	[767870741798846468, 293338829, 72915673, 3128982433, 32520273, 1568481451]
17446621	[4846966540, 1314017659571195905, 1684367354, 27384718, 892219807, 99402071]
20159596	[1562903737, 288259199, 1474925190, 338275624, 17590516, 1156498325056696320]
13654792	[1376961942913449986, 9900222, 1141734008780468225, 16228883, 19207266, 1382759833]
110445334	[19308700, 477499793, 341194704, 21757802, 7630382, 593230243]
211346617	[1134288542, 1437800672146165763, 776821349499146240, 958230079, 1045396832862363648, 1151084197345447936]
5695632	[2642282058, 5943942, 145057047, 805728397, 128023009, 1966853138]
469194846	[31047836, 2316003960, 320524842, 111872176, 856288002435420160, 216881337]
718294442	[799723248338554880, 1214939747430420484, 1113898497357623296, 1161023629058088960, 481266577, 237911769]
1666134386	[107326962, 66481679, 156536516, 1120115779196915713, 847882850, 1136317807954731014]
172869874	[885262739643523074, 877255045305315328, 193744840, 303391538, 2360197615, 181302490]
21702988	[1445618204198375431, 1447906883512197123, 1316881178989858817, 1212975642846756865, 54094331, 1432068938863632390]
17004618	[16793047, 1367175080, 2722050173, 18879261, 93088393, 3139431775]
358545917	[1005565945891475456, 116363549, 19786312, 1254221284948365312, 24222232, 228447377]
9228382	[369157773, 26784004, 17061861, 20022226, 78183820, 1928654744]
292432955	[28746590, 1183779272, 4181592982, 281086408, 21779148, 35991327]
4826510725	[787228434, 24358319, 3843640245, 830288209112334338, 718226414, 719427413784965120]
29465136	[568792143, 1107939031608901632, 123938051, 2315586823, 1013454007426113537, 33972882]
382376904	[18643839, 729400696085348353, 17283530, 16191556, 10117892, 704476690139885568]
4855687055	[756285384, 4857597725, 870061444171169792, 18174500, 1320224573854343169, 4227869921]
15982292	[883088956639916037, 1350177318233202688, 1247958363255631872, 1016694766812258307, 1430539587961643008, 263477242]
19063323	[41815021, 63839488, 23685907, 38402922, 1313800166638407681, 2400538039]
953961499	[2999543732, 2997032514, 1458741008, 2976569738, 2899929181, 1684976796]
22968158	[1485823208, 2372103463, 1588896800, 273233094, 934922076, 952763822]
373791638	[43968671, 750763772, 1586421, 4212430005, 3247897924, 172313003]
150135224	[777294260844400640, 1240404346262691844, 54649261, 117848878, 4799431699, 5360012]
1675592408	[227079953, 836497377661968384, 4191536898, 14040522, 85950172, 2500025894]
57917441	[126701303, 24244581, 1111063441, 111621227, 16819053, 915726438]
16630362	[352184108, 246689823, 377066772, 20603883, 20212140, 21001731]
18668407	[1123361791306797062, 152656121, 19979086, 25087909, 799183702253338624, 317861977]
954124423	[912792889553555456, 2332193180, 980516212059856901, 91625562, 41363507, 858066056786694144]
617825073	[243506241, 171477356, 628540581, 476013036, 228616511, 16255696]
167421802	[4884862635, 61655222, 1324420155217235968, 1318260360810475520, 19936982, 2467783742]
23055689	[1346060456805470209, 137466464, 210833051, 407392738, 893938330546692100, 30256559]
9507342	[900484249, 872517928742211585, 404993527, 45872667, 1213846618794889217, 143211944]
18208354	[1344104506489856000, 102852362, 1465347964252180493, 1433473406951952387, 48107626, 188793260]
18359716	[16259333, 2661682980, 23273872, 914281622027022336, 1425707482610012160, 293767303]
11350892	[2408386146, 71177911, 34993020, 969251736065101824, 32335812, 14061063]
16041234	[30378270, 233001368, 34359976, 65494780, 744717789580132352, 992150935]
22844997	[2698638049, 85938879, 1082677291510046720, 1253559484678574080, 4125188424, 1389344532848943105]
4541374877	[1861505246, 1081323332, 1467454123, 3266904781, 2812857721, 370476515]
32639940	[501480900, 2575215583, 1360072554279440388, 945693405694357504, 1422893546533752835, 12369372]
16887175	[1312777267655966721, 3364356785, 19364873, 88082950, 1034696224530685952, 299848902]
16529238	[36423455, 871776501527609344, 949056270547419137, 44990136, 277281414, 817524506516398081]
15250661	[59086819, 752836525, 305328519, 1105651372622385152, 867218820707999744, 27179466]
2735591	[14965981, 481598648, 2562509436, 15279429, 385799163, 876561398]
12579352	[85353272, 1466806231016697857, 79330780, 2820629388, 157814573, 955506617620967424]
16312576	[290889405, 1006261976652107776, 26371180, 42825374, 354072452, 57457042]
53429839	[1345067975687217155, 708467754232365057, 23445535, 762362735069921280, 1410030097277538304, 785926859573690368]
44317593	[285355995, 44842655, 146525525, 246672815, 369833, 22044780]
571107566	[475493140, 267831899, 623146602, 2938292170, 2306779070, 2466014527]
543449778	[2742345745, 2764960157, 2784099559, 367849641, 2573725642, 255029767]
156743986	[355463911, 1269012541587566594, 593289567, 811860402, 78634272, 402106532]
14569869	[19907840, 20485529, 1119553803806748672, 25592627, 94181997, 1096618157735723008]
166889771	[1249123362170961922, 1207016128624635904, 978776281344040960, 1370349294822305793, 870760608, 1114377296016740352]
16172991	[164075542, 2528017561, 875729174, 431762931, 28645658, 458086240]
71256932	[1653477433, 298646901, 716997157, 228982298, 1354830743248244746, 68527567]
510455186	[2378742140, 53191194, 2214575041, 65336063, 455109895, 2934002327]
44862126	[1269273238393126912]
15750898	[202329328, 4828317207, 1287098672132567046, 1430335681985843201, 1926540907, 19223593]
44688778	[235823442, 59803771, 878184572, 23219195, 568824514, 47379354]
1020058453	[2679844136, 599613853, 940642868003295233, 356272826, 1191806296506425345, 1029840134680834049]
39364684	[30736056, 2276698777, 14131745, 14486697, 20714338, 212557033]
150627581	[1047807028171665408, 796873997338152960, 790019230389248000, 2780416996, 67654353, 101122971]
1596679669	[3100748456, 1218648894353170432, 1053939120, 716435339250896896, 1255153713351548929, 785420966]
94215105	[989490097, 1565852335, 1092096524358537217, 1048245825116278789, 966041229459849222, 143592532]
2396804350	[1467895107689058306, 1416348842, 1138886434478182401, 52546255, 1447591723404759042, 358777428]
424083365	[326048211, 308961248, 70759346, 510499013, 318824646, 27058591]
272114651	[2204151218, 896689664, 607039851, 827473845170950146, 1262124102208286720, 1246819946321059840]
91478624	[1949506316, 1187385297652404225, 1278930108, 1126203108537831427, 21810821, 1434640248]
1603939555	[76243650, 3741569353, 1135315023750979588, 1371510585771315205, 710467061617524736, 139933515]
26900055	[742890970379911169, 1209847908633198592, 379314159, 1513441956, 56952466, 38226099]
416418985	[141777398, 32405267, 790695053089992704, 1393195583549190144, 515685180, 17794339]
15249499	[843648203966861312, 122718424, 4896201275, 842072562, 314339513, 1323604529498198017]
17076385	[111214982, 321128387, 104959076, 751265257293639680, 2281270518, 609716251]
91882544	[78964894, 1353876828507791361, 1382867263347253252, 1348636126077181954, 1362809292584218624, 3180247177]
14511951	[1156241458258534400, 73987740, 2377287531, 2275077139, 40147738, 15693172]
227423066	[20330929, 482457738, 21976616, 746684881623724032, 39878654, 1376349651486445571]
342737639	[246095089, 3185277406, 1151969348661084160, 2238889174, 1091118616576024576, 980982528998760448]
40076725	[20657764, 1480648422, 246873856, 35551733, 21212055, 1184941822407299072]
13918492	[21313053, 1015298801739993091, 3428105331, 153494113, 951988980056313857, 1399989002015494146]
26853224	[79597568, 30040722, 33149072, 72180501, 327824394, 470321783]
56897868	[3547812253, 494931093, 290934418, 2975273834, 711743181574942720, 15889170]
16153562	[1923264068, 1604353231, 16813061, 788064929177866240, 49962796, 71470437]
20639175	[144572153, 2586333049, 2976192581, 126917179, 65494780, 1715290897]
60919240	[4606155381, 194617112, 317292694, 252269736, 19802836, 4115597621]
16895274	[933202452697853952, 1225827728605241345, 38799816, 4484336939, 43199772, 928308137106591744]
58524428	[18087961, 256664942, 255616143, 1395841770034892800, 37392476, 45683903]
19084896	[826289522317094913, 1080504024695222273, 508459701, 144300104, 250826088, 740185175221534720]
409941587	[260260085, 46518690, 1581451975, 38839550, 1382823939815145473, 121498956]
56851629	[404462783, 64877957, 505244567, 149670806, 251396805, 2945039447]
14787713	[1176957779434770432, 2813487991, 29145455, 480654133, 1235655274712702978, 124273082]
60113766	[1382506035731075074, 15485532, 1394680198705123329, 791068613134483456, 955885286008991750, 3538133836]
51241574	[14981433, 19584034, 1118185479399145472, 614865616, 42628524, 16579911]
15359578	[753042265778614276, 1274090521321930758, 132322146, 66213051, 17076119, 1088921458795900928]
16664681	[67657364, 2766868843, 1468003241866633218, 2846848533, 80625520, 551239836]
9397732	[2960547560, 1044313195685531648, 1040194627935121410, 41091480, 996780471995465728, 1941940320]
39308549	[28837572, 714871085804732416, 713563506, 729531259756503041, 871236487, 3309310921]
89887215	[47678782, 1113190257195913216, 1223894133791580160, 20347193, 1953117589, 3056746427]
7744592	[404547829, 322452843, 472581098, 587886965, 327050260, 891532531]
8953122	[190063585, 19076011, 62717380, 20601296, 73204975, 438843965]
166329578	[126945319, 2286189025, 36867579, 1461306038360195075, 361902109, 411118401]
193395018	[864134485792763904, 1120281508181311488, 407500761, 1403142030348464128, 1069065368109547520, 1005512745897349121]
603558099	[860065867115229184, 847880652494123009, 1582799534, 799967987503693824, 872442164952936449, 770386037960998912]
20622594	[276106955, 1355846977137881090, 1432673016782237706, 1468640910590287874, 96770474, 1417666850566000640]
453871084	[775393986093744128, 1133202513467981824, 1377336533943005187, 2721995872, 718956264403951617, 3092846627]
325076723	[37974567, 1255073111298490370, 1157424210609954817, 1266844756757360642, 481674161, 217270607]
1059240924	[813467298, 531510828, 1335386736243830784, 787976137, 1021534267, 14221020]
14849562	[255616143, 99402071, 7097602, 18473467, 407991682, 703052849039675393]
1910701892	[18318662, 40411129, 20575361, 32950484, 1096424595668647938, 897538215174959105]
23818581	[821514965366489088, 1709590752, 1245033248507469870, 43375503, 102815296, 1466045252]
1017637447	[19774211, 3106085651, 1260217903, 113717430, 225955620, 234014087]
17469289	[33677778, 15981436, 4133204999, 14944563, 114870386, 30777209]
572278319	[922092480, 70806423, 894236563, 259861629, 589969980, 121211754]
2302239423	[823439683363475458, 318124024, 1264672933206724608, 56726444, 1357902373671342081, 1268920751689777157]
15515169	[953298828253384704, 1462591838083186695, 1290635110149169152, 89554160, 2770151426, 503400523]
20065936	[36986138, 44629346, 19364233, 14269172, 2436432894, 28491749]
282695161	[3588042133, 482466047, 1260383570654306305, 1407703292621230089, 1357465620380581889, 1366053366678315013]
331672974	[311357734, 1341659042155028480, 268412971, 20586381, 2729566537, 36178614]
755113	[41434838, 350957747, 127541088, 351050716, 375934065, 878284831]
3594364096	[756758359, 711319832, 16410157, 1352390888501239811, 289063785, 21487473]
63056402	[1453875674457034752, 1081307336688451587, 1400552235130556420, 1191817266955841537, 522359605, 814736741860982785]
23995748	[1572183187, 37825157, 1972791858, 2905909684, 623306247, 241329595]
16299754	[474998636, 4846186794, 32303991, 2789260521, 17017411, 116775999]
14885549	[944826755793281024, 901072276136833026, 880862858321567744, 1708393862, 37302503, 4885952657]
52146755	[15640533, 807717966737383424, 1155897044, 783701638729109504, 897861037, 1009934517681905664]
1562935142	[1381771860732489741, 14083645, 18983292, 38185080, 2795019801, 30378270]
9648652	[1403059409807286272, 64733394, 9955362, 61049604, 36789910, 1650663572]
21575717	[800121641673969664, 18895019, 1017220874, 1473313465787899910, 559641395, 49787072]
15976697	[2241307256, 350822109, 1240107944, 1387542545341685762, 1465842008132440066, 1336362156745486345]
8215672	[1083528650769592320, 334940482, 1007305469692694528, 112256250, 414364480, 16366161]
21879831	[532416992, 3460083560, 722589388308226049, 402797279, 76847960, 820452522494226433]
29233291	[1437962571865337856, 35870629, 437099599, 278339460, 1239294005764030464, 32573705]
14117843	[297169759, 2381578122, 965408010775404546, 308526298, 20536833, 19777398]
356434482	[814161872605822977, 1725675530, 1356742672300576775, 1377638460929015815, 1348328011691552769, 961386022536855552]
219937434	[1635965732, 1353761464977416194, 816747163292200960, 386825467, 1113817289617551360, 879896634531774464]
3540252020	[903964596171677696, 705888179841204224, 1448959257962024960, 1313482693208924167, 1269987198696374273, 59166320]
17072206	[349113353, 782155607520313344, 779032712782815232, 718661397354119168, 4126993241, 782292124519636993]
7905122	[12075832, 481655487, 27212264, 19869829, 117777690, 27045668]
82447359	[1467543565773508615, 1494551407, 1431750182509547523, 1346971177995145218, 898420341164228608, 939369122]
628318484	[1711274610, 1265040374055174150, 2662779330, 1013544882370117634, 1019983987698122752, 1039362035371274240]
1377719425	[241049018, 42905913, 777156552, 74594010, 2361308250, 1484799984]
63144098	[1243797871423447040, 718832697448263680, 462683976, 954353275561705472, 1323090408730062849, 1371109575391375360]
70054190	[1094995768073687045, 1384928527837921280, 941969312570421249, 899183888215318529, 818552290055327745, 2644697608]
2546562188	[2869137087, 2693017924, 1169438480, 1313634602607538178, 216806671, 1382528217777590274]
17971747	[1075474152, 743462205635571712, 1042598948408635392, 1269153422957215744, 1008448240688214018, 2482580416]
10168082	[20378448, 29135938, 57196393, 844554688364232704, 238021800, 1470792270173646858]
78569026	[48904521, 23431221, 2887386214, 35633645, 2746644052, 131013398]
236487888	[24175443, 154221292, 119750952, 50317463, 1460296413930131457, 25902875]
1372786812	[1475599731128684550, 1287385289216806912, 1396187563, 1281937118, 1153321116, 1150235748]
16190478	[1445023811192111114, 760987159067234305, 1323576878247088129, 1423253573358559232, 1274340867877277700, 1451409739804381187]
2367911	[207236705, 1360163612, 1466453533927125002, 1078524406790610944, 2215525933, 1399781038621085699]
58966831	[1140906669276368896, 1455553199109120003, 1456457905004187654, 620417246, 741085688230248449, 838571920723439618]
25116235	[584016075, 1276323112884137984, 1438486019758649350, 4338452835, 15221598, 99674560]
33529092	[1453349036182753288, 1236762045082673153, 1450892734726770692, 1468679394881327107, 1243587170683596801, 1459228697379016705]
186569856	[2477222538, 1325569917328961536, 1428216524431532032, 19230643, 1414127160747511810, 1188473374097510402]
892675814	[2406263058, 262713087, 1445429480, 1624331238, 2223985131, 237558313]
15439395	[191382705, 487234470, 1467928628155453444, 34302911, 293538525, 174784630]
867212870	[1369365734078484493, 1466257058454544391, 1422321955525562368, 1003456273, 1475517504122462213, 3295975414]
88210310	[554080983, 1448248175920361472, 1263847550886371328, 1385123003495710721, 1412090188600389632, 1404146506249220098]
22179997	[1691563764, 1468833885475651584, 28252413, 24125119, 1028192341436260352, 136701029]
231094495	[53028123, 19215564, 315900062, 623394396, 38196540, 1597600436]
177926698	[3305583236, 1016898370265370626, 121321626, 315586706, 1080425977140920320, 1089913079352184832]
5392522	[4492768334, 1082090589795958785, 334121418, 400207122, 895724351579992064, 233765599]
93637779	[441448404, 1967626812, 1427124041148682242, 1245762411757436931, 388766448, 1459967310978949125]
27754737	[36849438, 222722607, 743449681951334400, 196013968, 201410308, 39864293]
2196201139	[2573931337, 141664648, 582159854, 315022664, 814296400494104576, 968008274003005440]
18294521	[72589282, 307650876, 783471651962761216, 827546103981670401, 105013796, 66265064]
27789999	[1472401038137335812, 1356403316884963328, 1474905148145217536, 226209576, 1473699330313924624, 319139933]
6604072	[17480981, 114776155, 14639840, 1280992891146567681, 1312258677726875649, 20864159]
342894187	[481720982, 3905031518, 19742948, 2874518962, 18679410, 142748445]
5741722	[366368285, 740309674788933632, 602199246, 14894519, 438843965, 2610029334]
15115280	[976915450075533314, 241928441, 1261836530995335168, 1459955964249919488, 1348691356059897861, 1201611702053113856]
2883841	[1120359636366835713, 27461449, 1707987007, 17004022, 55868317, 966927542111236096]
14437914	[21821542, 1376642040407154692, 336637118, 1110095101, 1232677280, 19502995]
379962842	[1325842559093116929, 3205582234, 1255646263325884424, 1354196773401731079, 1282383694792028160, 18122032]
586032653	[2549042360, 1131638399033458688, 1438566959784857607, 1599896905, 14849504, 359828348]
179732982	[24815702, 1475319827480727559, 23724972, 2850753256, 1465451278549590024, 949471566458433536]
2316246829	[1157431053101031431, 897148842054963201, 1129516108975923200, 1432356545493286912, 717867921, 2234002109]
16711026	[4105117818, 1225874537146986496, 474147581, 34264107, 1275665915225522177, 1159176719154049024]
28245852	[4759961650, 760655654897889281, 1004579689308884992, 342543627, 32848575, 121056681]
50434933	[1453088390056980483, 1473081889506349061, 53836384, 45963517, 1353725925775425536, 1045879767814340609]
495605961	[16088034, 621012842, 343111483, 1684166328, 1287285414, 209629451]
17525171	[1921885770, 856994853372051457, 1462233909920514057, 1041717100132220930, 22840250, 34807631]
168541923	[139509652, 1476620101315088392, 1418695604876713986, 1463190339272024084, 1320910674088714240, 1476631988878643206]
34739186	[7532872, 168474457, 187391914, 2569743630, 111834253, 29748673]
879161563	[2648769758, 921227729973919744, 1475648321440071688, 2530378184, 1476404432812363777, 503824872]
467047990	[466885011, 2939106394, 219592824, 424806677, 2571633545, 741869818802905088]
18548136	[2545219213, 259185901, 1034819262186237953, 198180304, 197319562, 197071871]
